catalogusName,quantity,defaultPrice,availableAt,designNumber,unit,details,totalquantityPerBox,category
ALLURING,31 ROLL,1200,DELHI,H1D0202,ROLL,,,WALLPAPER ROLL
ALLURING,62 ROLL,1200,DELHI,H1D0203,ROLL,,,WALLPAPER ROLL
ALLURING,78 ROLL,1200,DELHI,H1D0205,ROLL,,,WALLPAPER ROLL
ALLURING,80 ROLL,1200,DELHI,H1D0703,ROLL,,,WALLPAPER ROLL
ALLURING,142 ROLL,1200,DELHI,H1D0706,ROLL,,,WALLPAPER ROLL
ALLURING,69 ROLL,1200,DELHI,H1D0708,ROLL,,,WALLPAPER ROLL
ALLURING,38 ROLL,1200,DELHI,H1D0711,ROLL,,,WALLPAPER ROLL
ALLURING,59 ROLL,1200,DELHI,H2D771301,ROLL,,,WALLPAPER ROLL
ALLURING,38 ROLL,1200,DELHI,H2D771302,ROLL,,,WALLPAPER ROLL
ALLURING,61 ROLL,1200,DELHI,H2D771303,ROLL,,,WALLPAPER ROLL
ALLURING,61 ROLL,1200,DELHI,H2D771305,ROLL,,,WALLPAPER ROLL
ALLURING,64 ROLL,1200,DELHI,H2D771309,ROLL,,,WALLPAPER ROLL
ALLURING,98 ROLL,1200,DELHI,H2D77203,ROLL,,,WALLPAPER ROLL
ALLURING,59 ROLL,1200,DELHI,H2D77205,ROLL,,,WALLPAPER ROLL
ALLURING,59 ROLL,1200,DELHI,H2D77206,ROLL,,,WALLPAPER ROLL
ALLURING,62 ROLL,1200,DELHI,H2D77207,ROLL,,,WALLPAPER ROLL
ALLURING,64 ROLL,1200,DELHI,H2D77303,ROLL,,,WALLPAPER ROLL
ALLURING,49 ROLL,1200,DELHI,H2D77307,ROLL,,,WALLPAPER ROLL
ALLURING,54 ROLL,1200,DELHI,H2D77308,ROLL,,,WALLPAPER ROLL
ALLURING,48 ROLL,1200,DELHI,H2D77403,ROLL,,,WALLPAPER ROLL
ALLURING,55 ROLL,1200,DELHI,H2D77404,ROLL,,,WALLPAPER ROLL
ALLURING,54 ROLL,1200,DELHI,H2D77405,ROLL,,,WALLPAPER ROLL
ALLURING,59 ROLL,1200,DELHI,H2D77406,ROLL,,,WALLPAPER ROLL
ALLURING,48 ROLL,1200,DELHI,H2D77407,ROLL,,,WALLPAPER ROLL
ALLURING,65 ROLL,1200,DELHI,H2D77410,ROLL,,,WALLPAPER ROLL
ALLURING,63 ROLL,1200,DELHI,H2D77801,ROLL,,,WALLPAPER ROLL
ALLURING,34 ROLL,1200,DELHI,H2D77803,ROLL,,,WALLPAPER ROLL
ALLURING,107 ROLL,1200,DELHI,H2D77808,ROLL,,,WALLPAPER ROLL
ALLURING,84 ROLL,1200,DELHI,H2D77809,ROLL,,,WALLPAPER ROLL
ALLURING,59 ROLL,1200,DELHI,H3D881302,ROLL,,,WALLPAPER ROLL
ALLURING,102 ROLL,1200,DELHI,H3D881303,ROLL,,,WALLPAPER ROLL
ALLURING,41 ROLL,1200,DELHI,H3D881304,ROLL,,,WALLPAPER ROLL
ALLURING,45 ROLL,1200,DELHI,H3D881305,ROLL,,,WALLPAPER ROLL
ALLURING,58 ROLL,1200,DELHI,H3D881306,ROLL,,,WALLPAPER ROLL
ALLURING,39 ROLL,1200,DELHI,H3D881308,ROLL,,,WALLPAPER ROLL
ALLURING,41 ROLL,1200,DELHI,H3D881602,ROLL,,,WALLPAPER ROLL
ALLURING,36 ROLL,1200,DELHI,H3D881603,ROLL,,,WALLPAPER ROLL
ALLURING,63 ROLL,1200,DELHI,H3D881604,ROLL,,,WALLPAPER ROLL
ALLURING,40 ROLL,1200,DELHI,H3D881607,ROLL,,,WALLPAPER ROLL
ALLURING,54 ROLL,1200,DELHI,H3D88603,ROLL,,,WALLPAPER ROLL
ALLURING,51 ROLL,1200,DELHI,H3D88604,ROLL,,,WALLPAPER ROLL
ALLURING,51 ROLL,1200,DELHI,H3D88607,ROLL,,,WALLPAPER ROLL
ALLURING,49 ROLL,1200,DELHI,H4D99101,ROLL,,,WALLPAPER ROLL
ALLURING,98 ROLL,1200,DELHI,H4D99102,ROLL,,,WALLPAPER ROLL
ALLURING,47 ROLL,1200,DELHI,H4D99103,ROLL,,,WALLPAPER ROLL
ALLURING,34 ROLL,1200,DELHI,H4D99106,ROLL,,,WALLPAPER ROLL
ALLURING,66 ROLL,1200,DELHI,H4D99402,ROLL,,,WALLPAPER ROLL
ALLURING,58 ROLL,1200,DELHI,H4D99403,ROLL,,,WALLPAPER ROLL
ALLURING,42 ROLL,1200,DELHI,H4D99404,ROLL,,,WALLPAPER ROLL
ALLURING,0 ROLL,1200,DELHI,H4D99405,ROLL,,,WALLPAPER ROLL
ALLURING,66 ROLL,1200,DELHI,H4D99407,ROLL,,,WALLPAPER ROLL
ALLURING,43 ROLL,1200,DELHI,H4D99408,ROLL,,,WALLPAPER ROLL
ALLURING,70 ROLL,1200,DELHI,H4D99409,ROLL,,,WALLPAPER ROLL
ALLURING,57 ROLL,1200,DELHI,H4D99801,ROLL,,,WALLPAPER ROLL
ALLURING,62 ROLL,1200,DELHI,H4D99802,ROLL,,,WALLPAPER ROLL
ALLURING,43 ROLL,1200,DELHI,H4D99804,ROLL,,,WALLPAPER ROLL
ALLURING,53 ROLL,1200,DELHI,H4D99807,ROLL,,,WALLPAPER ROLL
ALLURING,66 ROLL,1200,DELHI,H4D99902,ROLL,,,WALLPAPER ROLL
ALLURING,30 ROLL,1200,DELHI,H4D99904,ROLL,,,WALLPAPER ROLL
ALLURING,54 ROLL,1200,DELHI,H4D99906,ROLL,,,WALLPAPER ROLL
ALLURING,78 ROLL,1200,DELHI,H4D99908,ROLL,,,WALLPAPER ROLL
ANKARA,27 ROLL,2500,DELHI,34011,ROLL,,,WALLPAPER ROLL
ANKARA,29 ROLL,2500,DELHI,34012,ROLL,,,WALLPAPER ROLL
ANKARA,30 ROLL,2500,DELHI,34013,ROLL,,,WALLPAPER ROLL
ANKARA,30 ROLL,2500,DELHI,34014,ROLL,,,WALLPAPER ROLL
ANKARA,36 ROLL,2500,DELHI,34015,ROLL,,,WALLPAPER ROLL
ANKARA,1 ROLL,2500,DELHI,34016,ROLL,,,WALLPAPER ROLL
ANKARA,5 ROLL,2500,DELHI,34021,ROLL,,,WALLPAPER ROLL
ANKARA,21 ROLL,2500,DELHI,34022,ROLL,,,WALLPAPER ROLL
ANKARA,29 ROLL,2500,DELHI,34023,ROLL,,,WALLPAPER ROLL
ANKARA,21 ROLL,2500,DELHI,34024,ROLL,,,WALLPAPER ROLL
ANKARA,27 ROLL,2500,DELHI,34025,ROLL,,,WALLPAPER ROLL
ANKARA,8 ROLL,2500,DELHI,34026,ROLL,,,WALLPAPER ROLL
ANKARA,31 ROLL,2500,DELHI,34031,ROLL,,,WALLPAPER ROLL
ANKARA,36 ROLL,2500,DELHI,34032,ROLL,,,WALLPAPER ROLL
ANKARA,3 ROLL,2500,DELHI,34033,ROLL,,,WALLPAPER ROLL
ANKARA,36 ROLL,2500,DELHI,34034,ROLL,,,WALLPAPER ROLL
ANKARA,30 ROLL,2500,DELHI,34035,ROLL,,,WALLPAPER ROLL
ANKARA,29 ROLL,2500,DELHI,34036,ROLL,,,WALLPAPER ROLL
ANKARA,34 ROLL,2500,DELHI,34041,ROLL,,,WALLPAPER ROLL
ANKARA,29 ROLL,2500,DELHI,34042,ROLL,,,WALLPAPER ROLL
ANKARA,36 ROLL,2500,DELHI,34043,ROLL,,,WALLPAPER ROLL
ANKARA,19 ROLL,2500,DELHI,34044,ROLL,,,WALLPAPER ROLL
ANKARA,36 ROLL,2500,DELHI,34045,ROLL,,,WALLPAPER ROLL
ANKARA,30 ROLL,2500,DELHI,34046,ROLL,,,WALLPAPER ROLL
ANKARA,11 ROLL,2500,DELHI,34051,ROLL,,,WALLPAPER ROLL
ANKARA,18 ROLL,2500,DELHI,34052,ROLL,,,WALLPAPER ROLL
ANKARA,28 ROLL,2500,DELHI,34053,ROLL,,,WALLPAPER ROLL
ANKARA,10 ROLL,2500,DELHI,34054,ROLL,,,WALLPAPER ROLL
ANKARA,17 ROLL,2500,DELHI,34055,ROLL,,,WALLPAPER ROLL
ANKARA,18 ROLL,2500,DELHI,34056,ROLL,,,WALLPAPER ROLL
ANKARA,23 ROLL,2500,DELHI,34061,ROLL,,,WALLPAPER ROLL
ANKARA,12 ROLL,2500,DELHI,34062,ROLL,,,WALLPAPER ROLL
ANKARA,31 ROLL,2500,DELHI,34063,ROLL,,,WALLPAPER ROLL
ANKARA,33 ROLL,2500,DELHI,34064,ROLL,,,WALLPAPER ROLL
ANKARA,24 ROLL,2500,DELHI,34065,ROLL,,,WALLPAPER ROLL
ANKARA,24 ROLL,2500,DELHI,34066,ROLL,,,WALLPAPER ROLL
ANKARA,26 ROLL,2500,DELHI,34071,ROLL,,,WALLPAPER ROLL
ANKARA,18 ROLL,2500,DELHI,34072,ROLL,,,WALLPAPER ROLL
BELLA,44 ROLL,750,DELHI,70001-1,ROLL,,,WALLPAPER ROLL
BELLA,,750,DELHI,70001-2,ROLL,,,WALLPAPER ROLL
BELLA,62 ROLL,750,DELHI,70001-3,ROLL,,,WALLPAPER ROLL
BELLA,2 ROLL,750,DELHI,70001-4,ROLL,,,WALLPAPER ROLL
BELLA,34 ROLL,750,DELHI,70002-1,ROLL,,,WALLPAPER ROLL
BELLA,25 ROLL,750,DELHI,70002-2,ROLL,,,WALLPAPER ROLL
BELLA,25 ROLL,750,DELHI,70002-3,ROLL,,,WALLPAPER ROLL
BELLA,,750,DELHI,70002-4,ROLL,,,WALLPAPER ROLL
BELLA,41 ROLL,750,DELHI,70002-5,ROLL,,,WALLPAPER ROLL
BELLA,7 ROLL,750,DELHI,70002-6,ROLL,,,WALLPAPER ROLL
BELLA,18 ROLL,750,DELHI,70003-1,ROLL,,,WALLPAPER ROLL
BELLA,5 ROLL,750,DELHI,70003-2,ROLL,,,WALLPAPER ROLL
BELLA,22 ROLL,750,DELHI,70003-3,ROLL,,,WALLPAPER ROLL
BELLA,17 ROLL,750,DELHI,70003-4,ROLL,,,WALLPAPER ROLL
BELLA,53 ROLL,750,DELHI,70004-1,ROLL,,,WALLPAPER ROLL
BELLA,16 ROLL,750,DELHI,70004-2,ROLL,,,WALLPAPER ROLL
BELLA,,750,DELHI,70004-3,ROLL,,,WALLPAPER ROLL
BELLA,96 ROLL,750,DELHI,70004-4,ROLL,,,WALLPAPER ROLL
BELLA,25 ROLL,750,DELHI,70005-1,ROLL,,,WALLPAPER ROLL
BELLA,14 ROLL,750,DELHI,70005-2,ROLL,,,WALLPAPER ROLL
BELLA,65 ROLL,750,DELHI,70005-3,ROLL,,,WALLPAPER ROLL
BELLA,9 ROLL,750,DELHI,70006-1,ROLL,,,WALLPAPER ROLL
BELLA,,750,DELHI,70006-2,ROLL,,,WALLPAPER ROLL
BELLA,,750,DELHI,70006-3,ROLL,,,WALLPAPER ROLL
BELLA,36 ROLL,750,DELHI,70007-1,ROLL,,,WALLPAPER ROLL
BELLA,15 ROLL,750,DELHI,70007-2,ROLL,,,WALLPAPER ROLL
BELLA,19 ROLL,750,DELHI,70007-3,ROLL,,,WALLPAPER ROLL
BELLA,2 ROLL,750,DELHI,70008-1,ROLL,,,WALLPAPER ROLL
BELLA,28 ROLL,750,DELHI,70008-2,ROLL,,,WALLPAPER ROLL
BELLA,24 ROLL,750,DELHI,70008-3,ROLL,,,WALLPAPER ROLL
BELLA,4 ROLL,750,DELHI,70009-1,ROLL,,,WALLPAPER ROLL
BELLA,,750,DELHI,70009-2,ROLL,,,WALLPAPER ROLL
BELLA,1 ROLL,750,DELHI,70009-3,ROLL,,,WALLPAPER ROLL
BELLA,15 ROLL,750,DELHI,70009-4,ROLL,,,WALLPAPER ROLL
BELLA,15 ROLL,750,DELHI,70010-1,ROLL,,,WALLPAPER ROLL
BELLA,31 ROLL,750,DELHI,70010-2,ROLL,,,WALLPAPER ROLL
BELLA,30 ROLL,750,DELHI,70010-3,ROLL,,,WALLPAPER ROLL
BELLA,21 ROLL,750,DELHI,70010-4,ROLL,,,WALLPAPER ROLL
BELLA,80 ROLL,750,DELHI,70011-1,ROLL,,,WALLPAPER ROLL
BELLA,3 ROLL,750,DELHI,70011-2,ROLL,,,WALLPAPER ROLL
BELLA,58 ROLL,750,DELHI,70011-3,ROLL,,,WALLPAPER ROLL
BELLA,82 ROLL,750,DELHI,70011-4,ROLL,,,WALLPAPER ROLL
BELLA,1 ROLL,750,DELHI,70012-1,ROLL,,,WALLPAPER ROLL
BELLA,1 ROLL,750,DELHI,70012-2,ROLL,,,WALLPAPER ROLL
BELLA,93 ROLL,750,DELHI,70012-3,ROLL,,,WALLPAPER ROLL
BELLA,71 ROLL,750,DELHI,70013-1,ROLL,,,WALLPAPER ROLL
BELLA,13 ROLL,750,DELHI,70013-2,ROLL,,,WALLPAPER ROLL
BELLA,76 ROLL,750,DELHI,70013-3,ROLL,,,WALLPAPER ROLL
BELLA,8 ROLL,750,DELHI,70014-1,ROLL,,,WALLPAPER ROLL
BELLA,15 ROLL,750,DELHI,70014-2,ROLL,,,WALLPAPER ROLL
BELLA,56 ROLL,750,DELHI,70014-3,ROLL,,,WALLPAPER ROLL
BELLA,3 ROLL,750,DELHI,70015-1,ROLL,,,WALLPAPER ROLL
BELLA,25 ROLL,750,DELHI,70015-2,ROLL,,,WALLPAPER ROLL
BELLA,56 ROLL,750,DELHI,70015-3,ROLL,,,WALLPAPER ROLL
BELLA,108 ROLL,750,DELHI,70016-1,ROLL,,,WALLPAPER ROLL
BELLA,41 ROLL,750,DELHI,70016-2,ROLL,,,WALLPAPER ROLL
BELLA,20 ROLL,750,DELHI,70016-3,ROLL,,,WALLPAPER ROLL
BELLA,,750,DELHI,70017-1,ROLL,,,WALLPAPER ROLL
BELLA,,750,DELHI,70017-2,ROLL,,,WALLPAPER ROLL
BELLA,18 ROLL,750,DELHI,70017-3,ROLL,,,WALLPAPER ROLL
BELLA,29 ROLL,750,DELHI,70017-4,ROLL,,,WALLPAPER ROLL
BELLA,12 ROLL,750,DELHI,70018-1,ROLL,,,WALLPAPER ROLL
BELLA,13 ROLL,750,DELHI,70018-2,ROLL,,,WALLPAPER ROLL
BELLA,43 ROLL,750,DELHI,70018-3,ROLL,,,WALLPAPER ROLL
BELLA,48 ROLL,750,DELHI,70018-4,ROLL,,,WALLPAPER ROLL
BELLA,75 ROLL,750,DELHI,70019-1,ROLL,,,WALLPAPER ROLL
BELLA,83 ROLL,750,DELHI,70019-2,ROLL,,,WALLPAPER ROLL
BELLA,80 ROLL,750,DELHI,70020-1,ROLL,,,WALLPAPER ROLL
BELLA,13 ROLL,750,DELHI,70020-2,ROLL,,,WALLPAPER ROLL
BELLA,22 ROLL,750,DELHI,70020-3,ROLL,,,WALLPAPER ROLL
BELLA,48 ROLL,750,DELHI,70021-1,ROLL,,,WALLPAPER ROLL
BELLA,57 ROLL,750,DELHI,70021-2,ROLL,,,WALLPAPER ROLL
BELLA,5 ROLL,750,DELHI,70021-3,ROLL,,,WALLPAPER ROLL
BELLA,72 ROLL,750,DELHI,70021-4,ROLL,,,WALLPAPER ROLL
BIGWIN,,750,DELHI,F701-1,ROLL,,,WALLPAPER ROLL
BIGWIN,20 ROLL,750,DELHI,F701-2,ROLL,,,WALLPAPER ROLL
BIGWIN,,750,DELHI,F703-1,ROLL,,,WALLPAPER ROLL
BIGWIN,2 ROLL,750,DELHI,F703-2,ROLL,,,WALLPAPER ROLL
BIGWIN,,750,DELHI,F703-3,ROLL,,,WALLPAPER ROLL
BIGWIN,2 ROLL,750,DELHI,F703-4,ROLL,,,WALLPAPER ROLL
BIGWIN,58 ROLL,750,DELHI,F703-5,ROLL,,,WALLPAPER ROLL
BIGWIN,66 ROLL,750,DELHI,F703-6,ROLL,,,WALLPAPER ROLL
BIGWIN,67 ROLL,750,DELHI,F703-7,ROLL,,,WALLPAPER ROLL
BIGWIN,8 ROLL,750,DELHI,F704-1,ROLL,,,WALLPAPER ROLL
BIGWIN,,750,DELHI,F704-2,ROLL,,,WALLPAPER ROLL
BIGWIN,103 ROLL,750,DELHI,F704-3,ROLL,,,WALLPAPER ROLL
BIGWIN,35 ROLL,750,DELHI,F704-4,ROLL,,,WALLPAPER ROLL
BIGWIN,61 ROLL,750,DELHI,F704-5,ROLL,,,WALLPAPER ROLL
BIGWIN,60 ROLL,750,DELHI,F705-1,ROLL,,,WALLPAPER ROLL
BIGWIN,36 ROLL,750,DELHI,F705-2,ROLL,,,WALLPAPER ROLL
BIGWIN,19 ROLL,750,DELHI,F705-3,ROLL,,,WALLPAPER ROLL
BIGWIN,25 ROLL,750,DELHI,F705-4,ROLL,,,WALLPAPER ROLL
BIGWIN,76 ROLL,750,DELHI,F706-1,ROLL,,,WALLPAPER ROLL
BIGWIN,52 ROLL,750,DELHI,F706-2,ROLL,,,WALLPAPER ROLL
BIGWIN,89 ROLL,750,DELHI,F707-1,ROLL,,,WALLPAPER ROLL
BIGWIN,2 ROLL,750,DELHI,F707-2,ROLL,,,WALLPAPER ROLL
BIGWIN,,750,DELHI,F707-3,ROLL,,,WALLPAPER ROLL
BIGWIN,,750,DELHI,F707-4,ROLL,,,WALLPAPER ROLL
BIGWIN,36 ROLL,750,DELHI,F707-5,ROLL,,,WALLPAPER ROLL
BIGWIN,,750,DELHI,F707-6,ROLL,,,WALLPAPER ROLL
BIGWIN,,750,DELHI,F708-1,ROLL,,,WALLPAPER ROLL
BIGWIN,,750,DELHI,F708-2,ROLL,,,WALLPAPER ROLL
BIGWIN,,750,DELHI,F708-3,ROLL,,,WALLPAPER ROLL
BIGWIN,12 ROLL,750,DELHI,F708-4,ROLL,,,WALLPAPER ROLL
BIGWIN,,750,DELHI,F708-5,ROLL,,,WALLPAPER ROLL
BIGWIN,12 ROLL,750,DELHI,F709-1,ROLL,,,WALLPAPER ROLL
BIGWIN,89 ROLL,750,DELHI,F709-2,ROLL,,,WALLPAPER ROLL
BIGWIN,24 ROLL,750,DELHI,F709-3,ROLL,,,WALLPAPER ROLL
BIGWIN,1 ROLL,750,DELHI,F709-4,ROLL,,,WALLPAPER ROLL
BIGWIN,66 ROLL,750,DELHI,F709-5,ROLL,,,WALLPAPER ROLL
BIGWIN,2 ROLL,750,DELHI,F710-1,ROLL,,,WALLPAPER ROLL
BIGWIN,56 ROLL,750,DELHI,F710-2,ROLL,,,WALLPAPER ROLL
BIGWIN,66 ROLL,750,DELHI,F710-3,ROLL,,,WALLPAPER ROLL
BIGWIN,32 ROLL,750,DELHI,F710-4,ROLL,,,WALLPAPER ROLL
BIGWIN,27 ROLL,750,DELHI,F711-1,ROLL,,,WALLPAPER ROLL
BIGWIN,,750,DELHI,F711-2,ROLL,,,WALLPAPER ROLL
BIGWIN,,750,DELHI,F711-3,ROLL,,,WALLPAPER ROLL
BIGWIN,18 ROLL,750,DELHI,F712-1,ROLL,,,WALLPAPER ROLL
BIGWIN,48 ROLL,750,DELHI,F712-2,ROLL,,,WALLPAPER ROLL
BIGWIN,94 ROLL,750,DELHI,F712-3,ROLL,,,WALLPAPER ROLL
BIGWIN,77 ROLL,750,DELHI,F712-4,ROLL,,,WALLPAPER ROLL
BIGWIN,34 ROLL,750,DELHI,F712-5,ROLL,,,WALLPAPER ROLL
BIGWIN,2 ROLL,750,DELHI,F713-1,ROLL,,,WALLPAPER ROLL
BIGWIN,118 ROLL,750,DELHI,F713-2,ROLL,,,WALLPAPER ROLL
BIGWIN,1 ROLL,750,DELHI,F713-3,ROLL,,,WALLPAPER ROLL
BIGWIN,,750,DELHI,F713-4,ROLL,,,WALLPAPER ROLL
BIGWIN,15 ROLL,750,DELHI,F713-5,ROLL,,,WALLPAPER ROLL
BIGWIN,48 ROLL,750,DELHI,F714-1,ROLL,,,WALLPAPER ROLL
BIGWIN,36 ROLL,750,DELHI,F714-2,ROLL,,,WALLPAPER ROLL
BIGWIN,54 ROLL,750,DELHI,F714-3,ROLL,,,WALLPAPER ROLL
BIGWIN,59 ROLL,750,DELHI,F715-1,ROLL,,,WALLPAPER ROLL
BIGWIN,89 ROLL,750,DELHI,F715-2,ROLL,,,WALLPAPER ROLL
BIGWIN,80 ROLL,750,DELHI,F715-3,ROLL,,,WALLPAPER ROLL
BIGWIN,105 ROLL,750,DELHI,F715-4,ROLL,,,WALLPAPER ROLL
BIGWIN,90 ROLL,750,DELHI,F716-1,ROLL,,,WALLPAPER ROLL
BIGWIN,77 ROLL,750,DELHI,F716-2,ROLL,,,WALLPAPER ROLL
BIGWIN,7 ROLL,750,DELHI,F717-1,ROLL,,,WALLPAPER ROLL
BIGWIN,,750,DELHI,F717-2,ROLL,,,WALLPAPER ROLL
BIGWIN,72 ROLL,750,DELHI,F717-3,ROLL,,,WALLPAPER ROLL
BIGWIN,69 ROLL,750,DELHI,F717-4,ROLL,,,WALLPAPER ROLL
BIGWIN,3 ROLL,750,DELHI,F717-5,ROLL,,,WALLPAPER ROLL
BIGWIN,58 ROLL,750,DELHI,F717-6,ROLL,,,WALLPAPER ROLL
BIGWIN,36 ROLL,750,DELHI,F718-1,ROLL,,,WALLPAPER ROLL
BIGWIN,,750,DELHI,F718-2,ROLL,,,WALLPAPER ROLL
BIGWIN,78 ROLL,750,DELHI,F718-3,ROLL,,,WALLPAPER ROLL
BIGWIN,50 ROLL,750,DELHI,F719-1,ROLL,,,WALLPAPER ROLL
BIGWIN,,750,DELHI,F720-1,ROLL,,,WALLPAPER ROLL
BIGWIN,,750,DELHI,F720-2,ROLL,,,WALLPAPER ROLL
BIGWIN,21 ROLL,750,DELHI,F720-3,ROLL,,,WALLPAPER ROLL
BIGWIN,50 ROLL,750,DELHI,F720-4,ROLL,,,WALLPAPER ROLL
COLMAR,2 ROLL,1500,DELHI,CR19001,ROLL,,,WALLPAPER ROLL
COLMAR,5 ROLL,1500,DELHI,CR19002,ROLL,,,WALLPAPER ROLL
COLMAR,13 ROLL,1500,DELHI,CR19003,ROLL,,,WALLPAPER ROLL
COLMAR,11 ROLL,1500,DELHI,CR19004,ROLL,,,WALLPAPER ROLL
COLMAR,19 ROLL,1500,DELHI,CR19005,ROLL,,,WALLPAPER ROLL
COLMAR,9 ROLL,1500,DELHI,CR19006,ROLL,,,WALLPAPER ROLL
COLMAR,8 ROLL,1500,DELHI,CR19007,ROLL,,,WALLPAPER ROLL
COLMAR,19 ROLL,1500,DELHI,CR19008,ROLL,,,WALLPAPER ROLL
COLMAR,-1 ROLL,1500,DELHI,CR19009 (68 SQFT),ROLL,,,WALLPAPER ROLL
COLMAR,31 ROLL,1500,DELHI,CR19010,ROLL,,,WALLPAPER ROLL
COLMAR,12 ROLL,1500,DELHI,CR19011 (68 SQFT),ROLL,,,WALLPAPER ROLL
COLMAR,20 ROLL,1500,DELHI,CR19012,ROLL,,,WALLPAPER ROLL
COLMAR,11 ROLL,1500,DELHI,CR19013,ROLL,,,WALLPAPER ROLL
COLMAR,21 ROLL,1500,DELHI,CR19014,ROLL,,,WALLPAPER ROLL
COLMAR,,1500,DELHI,CR19015,ROLL,,,WALLPAPER ROLL
COLMAR,11 ROLL,1500,DELHI,CR19016,ROLL,,,WALLPAPER ROLL
COLMAR,7 ROLL,1500,DELHI,CR19017,ROLL,,,WALLPAPER ROLL
COLMAR,16 ROLL,1500,DELHI,CR19018,ROLL,,,WALLPAPER ROLL
COLMAR,,1500,DELHI,CR19019 (68 SQFT),ROLL,,,WALLPAPER ROLL
COLMAR,8 ROLL,1500,DELHI,CR19020,ROLL,,,WALLPAPER ROLL
COLMAR,20 ROLL,1500,DELHI,CR19021,ROLL,,,WALLPAPER ROLL
COLMAR,13 ROLL,1500,DELHI,CR19022 (68 SQFT),ROLL,,,WALLPAPER ROLL
COLMAR,12 ROLL,1500,DELHI,CR19023,ROLL,,,WALLPAPER ROLL
COLMAR,,1500,DELHI,CR19024,ROLL,,,WALLPAPER ROLL
COLMAR,18 ROLL,1500,DELHI,CR19025,ROLL,,,WALLPAPER ROLL
COLMAR,3 ROLL,1500,DELHI,CR19026 (68 SQFT),ROLL,,,WALLPAPER ROLL
COLMAR,12 ROLL,1500,DELHI,CR19027,ROLL,,,WALLPAPER ROLL
COLMAR,8 ROLL,1500,DELHI,CR19028,ROLL,,,WALLPAPER ROLL
COLMAR,13 ROLL,1500,DELHI,CR19029,ROLL,,,WALLPAPER ROLL
COLMAR,16 ROLL,1500,DELHI,CR19030 (68 SQFT),ROLL,,,WALLPAPER ROLL
COLMAR,44 ROLL,1500,DELHI,CR19031,ROLL,,,WALLPAPER ROLL
COLMAR,7 ROLL,1500,DELHI,CR19032,ROLL,,,WALLPAPER ROLL
COLMAR,10 ROLL,1500,DELHI,CR19033,ROLL,,,WALLPAPER ROLL
COLMAR,51 ROLL,1500,DELHI,CR19034,ROLL,,,WALLPAPER ROLL
COLMAR,3 ROLL,1500,DELHI,CR19035,ROLL,,,WALLPAPER ROLL
COLMAR,17 ROLL,1500,DELHI,CR19036,ROLL,,,WALLPAPER ROLL
COLMAR,11 ROLL,1500,DELHI,CR19037,ROLL,,,WALLPAPER ROLL
COLMAR,12 ROLL,1500,DELHI,CR19038,ROLL,,,WALLPAPER ROLL
COLMAR,4 ROLL,1500,DELHI,CR19039,ROLL,,,WALLPAPER ROLL
COLMAR,1 ROLL,1500,DELHI,CR19040,ROLL,,,WALLPAPER ROLL
COLMAR,3 ROLL,1500,DELHI,CR19041,ROLL,,,WALLPAPER ROLL
COLMAR,9 ROLL,1500,DELHI,CR19042,ROLL,,,WALLPAPER ROLL
COLMAR,9 ROLL,1500,DELHI,CR19043,ROLL,,,WALLPAPER ROLL
COLMAR,7 ROLL,1500,DELHI,CR19044,ROLL,,,WALLPAPER ROLL
COLMAR,14 ROLL,1500,DELHI,CR19045,ROLL,,,WALLPAPER ROLL
COLMAR,,1500,DELHI,CR19046,ROLL,,,WALLPAPER ROLL
COLMAR,2 ROLL,1500,DELHI,CR19047,ROLL,,,WALLPAPER ROLL
COLMAR,21 ROLL,1500,DELHI,CR19048,ROLL,,,WALLPAPER ROLL
COLMAR,14 ROLL,1500,DELHI,CR19049,ROLL,,,WALLPAPER ROLL
CONTEMPO,25 ROLL,1600,DELHI,572211-1,ROLL,,,WALLPAPER ROLL
CONTEMPO,40 ROLL,1600,DELHI,572211-2,ROLL,,,WALLPAPER ROLL
CONTEMPO,16 ROLL,1600,DELHI,572211-3,ROLL,,,WALLPAPER ROLL
CONTEMPO,7 ROLL,1600,DELHI,572211-4,ROLL,,,WALLPAPER ROLL
CONTEMPO,11 ROLL,1600,DELHI,572211-5,ROLL,,,WALLPAPER ROLL
CONTEMPO,12 ROLL,1600,DELHI,572211-6,ROLL,,,WALLPAPER ROLL
CONTEMPO,26 ROLL,1600,DELHI,572212-1,ROLL,,,WALLPAPER ROLL
CONTEMPO,15 ROLL,1600,DELHI,572212-2,ROLL,,,WALLPAPER ROLL
CONTEMPO,43 ROLL,1600,DELHI,572212-3,ROLL,,,WALLPAPER ROLL
CONTEMPO,18 ROLL,1600,DELHI,572212-4,ROLL,,,WALLPAPER ROLL
CONTEMPO,15 ROLL,1600,DELHI,572212-5,ROLL,,,WALLPAPER ROLL
CONTEMPO,43 ROLL,1600,DELHI,572212-6,ROLL,,,WALLPAPER ROLL
CONTEMPO,33 ROLL,1600,DELHI,572213-1,ROLL,,,WALLPAPER ROLL
CONTEMPO,66 ROLL,1600,DELHI,572213-2,ROLL,,,WALLPAPER ROLL
CONTEMPO,37 ROLL,1600,DELHI,572213-3,ROLL,,,WALLPAPER ROLL
CONTEMPO,41 ROLL,1600,DELHI,572213-4,ROLL,,,WALLPAPER ROLL
CONTEMPO,45 ROLL,1600,DELHI,572213-5,ROLL,,,WALLPAPER ROLL
CONTEMPO,34 ROLL,1600,DELHI,572213-6,ROLL,,,WALLPAPER ROLL
CONTEMPO,24 ROLL,1600,DELHI,572231-1,ROLL,,,WALLPAPER ROLL
CONTEMPO,29 ROLL,1600,DELHI,572231-2,ROLL,,,WALLPAPER ROLL
CONTEMPO,,1600,DELHI,572231-3,ROLL,,,WALLPAPER ROLL
CONTEMPO,13 ROLL,1600,DELHI,572231-4,ROLL,,,WALLPAPER ROLL
CONTEMPO,14 ROLL,1600,DELHI,572233-1,ROLL,,,WALLPAPER ROLL
CONTEMPO,28 ROLL,1600,DELHI,572233-2,ROLL,,,WALLPAPER ROLL
CONTEMPO,20 ROLL,1600,DELHI,572233-3,ROLL,,,WALLPAPER ROLL
CONTEMPO,31 ROLL,1600,DELHI,572233-4,ROLL,,,WALLPAPER ROLL
CONTEMPO,60 ROLL,1600,DELHI,572233-5,ROLL,,,WALLPAPER ROLL
CONTEMPO,1 ROLL,1600,DELHI,572461-1,ROLL,,,WALLPAPER ROLL
CONTEMPO,51 ROLL,1600,DELHI,572461-2,ROLL,,,WALLPAPER ROLL
CONTEMPO,,1600,DELHI,572461-3,ROLL,,,WALLPAPER ROLL
CONTEMPO,31 ROLL,1600,DELHI,572461-4,ROLL,,,WALLPAPER ROLL
CONTEMPO,77 ROLL,1600,DELHI,572461-5,ROLL,,,WALLPAPER ROLL
CONTEMPO,2 ROLL,1600,DELHI,572461-6,ROLL,,,WALLPAPER ROLL
CONTEMPO,9 ROLL,1600,DELHI,572462-1,ROLL,,,WALLPAPER ROLL
CONTEMPO,14 ROLL,1600,DELHI,572462-2,ROLL,,,WALLPAPER ROLL
CONTEMPO,22 ROLL,1600,DELHI,572462-3,ROLL,,,WALLPAPER ROLL
CONTEMPO,128 ROLL,1600,DELHI,572462-4,ROLL,,,WALLPAPER ROLL
CONTEMPO,74 ROLL,1600,DELHI,572462-5,ROLL,,,WALLPAPER ROLL
CONTEMPO,14 ROLL,1600,DELHI,572462-6,ROLL,,,WALLPAPER ROLL
CONTEMPO,16 ROLL,1600,DELHI,572462-7,ROLL,,,WALLPAPER ROLL
CONTEMPO,24 ROLL,1600,DELHI,572951-1,ROLL,,,WALLPAPER ROLL
CONTEMPO,18 ROLL,1600,DELHI,572951-2,ROLL,,,WALLPAPER ROLL
CONTEMPO,23 ROLL,1600,DELHI,572951-3,ROLL,,,WALLPAPER ROLL
CONTEMPO,19 ROLL,1600,DELHI,572951-4,ROLL,,,WALLPAPER ROLL
CONTEMPO,22 ROLL,1600,DELHI,572951-5,ROLL,,,WALLPAPER ROLL
CONTEMPO,3 ROLL,1600,DELHI,572952-1,ROLL,,,WALLPAPER ROLL
CONTEMPO,14 ROLL,1600,DELHI,572952-2,ROLL,,,WALLPAPER ROLL
CONTEMPO,43 ROLL,1600,DELHI,572952-3,ROLL,,,WALLPAPER ROLL
CONTEMPO,15 ROLL,1600,DELHI,572952-4,ROLL,,,WALLPAPER ROLL
CONTEMPO,23 ROLL,1600,DELHI,572952-5,ROLL,,,WALLPAPER ROLL
CONTEMPO,80 ROLL,1600,DELHI,572953-1,ROLL,,,WALLPAPER ROLL
CONTEMPO,1 ROLL,1600,DELHI,572953-2,ROLL,,,WALLPAPER ROLL
CONTEMPO,90 ROLL,1600,DELHI,572953-3,ROLL,,,WALLPAPER ROLL
CONTEMPO,23 ROLL,1600,DELHI,572953-4,ROLL,,,WALLPAPER ROLL
CONTEMPO,52 ROLL,1600,DELHI,572961-1,ROLL,,,WALLPAPER ROLL
CONTEMPO,11 ROLL,1600,DELHI,572961-2,ROLL,,,WALLPAPER ROLL
CONTEMPO,16 ROLL,1600,DELHI,572961-3,ROLL,,,WALLPAPER ROLL
CONTEMPO,17 ROLL,1600,DELHI,572961-4,ROLL,,,WALLPAPER ROLL
CONTEMPO,12 ROLL,1600,DELHI,572961-5,ROLL,,,WALLPAPER ROLL
CONTEMPO,29 ROLL,1600,DELHI,572961-6,ROLL,,,WALLPAPER ROLL
CONTEMPO,22 ROLL,1600,DELHI,572963-1,ROLL,,,WALLPAPER ROLL
CONTEMPO,25 ROLL,1600,DELHI,572963-2,ROLL,,,WALLPAPER ROLL
CONTEMPO,21 ROLL,1600,DELHI,572963-3,ROLL,,,WALLPAPER ROLL
CONTEMPO,59 ROLL,1600,DELHI,572963-4,ROLL,,,WALLPAPER ROLL
CONTEMPO,18 ROLL,1600,DELHI,572963-5,ROLL,,,WALLPAPER ROLL
CONTEMPO,,1600,DELHI,572963-6,ROLL,,,WALLPAPER ROLL
CONTEMPO,25 ROLL,1600,DELHI,572963-7,ROLL,,,WALLPAPER ROLL
CONTEMPO,24 ROLL,1600,DELHI,572963-8,ROLL,,,WALLPAPER ROLL
CONTEMPO,36 ROLL,1600,DELHI,572963-9,ROLL,,,WALLPAPER ROLL
CONTEMPO,45 ROLL,1600,DELHI,613915-10,ROLL,,,WALLPAPER ROLL
CONTEMPO,41 ROLL,1600,DELHI,613915-12,ROLL,,,WALLPAPER ROLL
CONTEMPO,44 ROLL,1600,DELHI,613915-8,ROLL,,,WALLPAPER ROLL
CONTEMPO,39 ROLL,1600,DELHI,613915-9,ROLL,,,WALLPAPER ROLL
GLIMMER,15 ROLL,1250,DELHI,GL7001,ROLL,,,WALLPAPER ROLL
GLIMMER,14 ROLL,1250,DELHI,GL7002,ROLL,,,WALLPAPER ROLL
GLIMMER,35 ROLL,1250,DELHI,GL7003,ROLL,,,WALLPAPER ROLL
GLIMMER,29 ROLL,1250,DELHI,GL7004,ROLL,,,WALLPAPER ROLL
GLIMMER,64 ROLL,1250,DELHI,GL7005,ROLL,,,WALLPAPER ROLL
GLIMMER,17 ROLL,1250,DELHI,GL7006,ROLL,,,WALLPAPER ROLL
GLIMMER,,1250,DELHI,GL7007,ROLL,,,WALLPAPER ROLL
GLIMMER,21 ROLL,1250,DELHI,GL7008,ROLL,,,WALLPAPER ROLL
GLIMMER,39 ROLL,1250,DELHI,GL7009,ROLL,,,WALLPAPER ROLL
GLIMMER,29 ROLL,1250,DELHI,GL7010,ROLL,,,WALLPAPER ROLL
GLIMMER,23 ROLL,1250,DELHI,GL7011,ROLL,,,WALLPAPER ROLL
GLIMMER,53 ROLL,1250,DELHI,GL7012,ROLL,,,WALLPAPER ROLL
GLIMMER,42 ROLL,1250,DELHI,GL7013,ROLL,,,WALLPAPER ROLL
GLIMMER,21 ROLL,1250,DELHI,GL7014,ROLL,,,WALLPAPER ROLL
GLIMMER,36 ROLL,1250,DELHI,GL7015,ROLL,,,WALLPAPER ROLL
GLIMMER,41 ROLL,1250,DELHI,GL7016,ROLL,,,WALLPAPER ROLL
GLIMMER,17 ROLL,1250,DELHI,GL7017,ROLL,,,WALLPAPER ROLL
GLIMMER,34 ROLL,1250,DELHI,GL7018,ROLL,,,WALLPAPER ROLL
GLIMMER,20 ROLL,1250,DELHI,GL7019,ROLL,,,WALLPAPER ROLL
GLIMMER,25 ROLL,1250,DELHI,GL7020,ROLL,,,WALLPAPER ROLL
GLIMMER,25 ROLL,1250,DELHI,GL7021,ROLL,,,WALLPAPER ROLL
GLIMMER,19 ROLL,1250,DELHI,GL7022,ROLL,,,WALLPAPER ROLL
GLIMMER,22 ROLL,1250,DELHI,GL7023,ROLL,,,WALLPAPER ROLL
GLIMMER,21 ROLL,1250,DELHI,GL7024,ROLL,,,WALLPAPER ROLL
GLIMMER,22 ROLL,1250,DELHI,GL7025,ROLL,,,WALLPAPER ROLL
GLIMMER,20 ROLL,1250,DELHI,GL7026,ROLL,,,WALLPAPER ROLL
GLIMMER,46 ROLL,1250,DELHI,GL7027,ROLL,,,WALLPAPER ROLL
GLIMMER,36 ROLL,1250,DELHI,GL7028,ROLL,,,WALLPAPER ROLL
GLIMMER,45 ROLL,1250,DELHI,GL7029,ROLL,,,WALLPAPER ROLL
GLIMMER,29 ROLL,1250,DELHI,GL7030,ROLL,,,WALLPAPER ROLL
GLIMMER,28 ROLL,1250,DELHI,GL7031,ROLL,,,WALLPAPER ROLL
GLIMMER,18 ROLL,1250,DELHI,GL7032,ROLL,,,WALLPAPER ROLL
GLIMMER,22 ROLL,1250,DELHI,GL7033,ROLL,,,WALLPAPER ROLL
GLIMMER,11 ROLL,1250,DELHI,GL7034,ROLL,,,WALLPAPER ROLL
GLIMMER,18 ROLL,1250,DELHI,GL7035,ROLL,,,WALLPAPER ROLL
GLIMMER,6 ROLL,1250,DELHI,GL7036,ROLL,,,WALLPAPER ROLL
GLIMMER,56 ROLL,1250,DELHI,GL7037,ROLL,,,WALLPAPER ROLL
GLIMMER,16 ROLL,1250,DELHI,GL7038,ROLL,,,WALLPAPER ROLL
GLIMMER,21 ROLL,1250,DELHI,GL7039,ROLL,,,WALLPAPER ROLL
GLIMMER,3 ROLL,1250,DELHI,GL7040,ROLL,,,WALLPAPER ROLL
GLIMMER,21 ROLL,1250,DELHI,GL7041,ROLL,,,WALLPAPER ROLL
GLIMMER,22 ROLL,1250,DELHI,GL7042,ROLL,,,WALLPAPER ROLL
GLIMMER,9 ROLL,1250,DELHI,GL7043,ROLL,,,WALLPAPER ROLL
GLIMMER,37 ROLL,1250,DELHI,GL7044,ROLL,,,WALLPAPER ROLL
GLIMMER,24 ROLL,1250,DELHI,GL7045,ROLL,,,WALLPAPER ROLL
GRACEFUL,20 ROLL,1750,DELHI,A-4001,ROLL,,,WALLPAPER ROLL
GRACEFUL,,1750,DELHI,A-4002,ROLL,,,WALLPAPER ROLL
GRACEFUL,2 ROLL,1750,DELHI,A-4003,ROLL,,,WALLPAPER ROLL
GRACEFUL,3 ROLL,1750,DELHI,A-4004,ROLL,,,WALLPAPER ROLL
GRACEFUL,4 ROLL,1750,DELHI,A-4005,ROLL,,,WALLPAPER ROLL
GRACEFUL,1 ROLL,1750,DELHI,A-4006,ROLL,,,WALLPAPER ROLL
GRACEFUL,31 ROLL,1750,DELHI,A-4007,ROLL,,,WALLPAPER ROLL
GRACEFUL,19 ROLL,1750,DELHI,A-4008,ROLL,,,WALLPAPER ROLL
GRACEFUL,25 ROLL,1750,DELHI,A-4009,ROLL,,,WALLPAPER ROLL
GRACEFUL,24 ROLL,1750,DELHI,A-4010,ROLL,,,WALLPAPER ROLL
GRACEFUL,,1750,DELHI,A-4011,ROLL,,,WALLPAPER ROLL
GRACEFUL,29 ROLL,1750,DELHI,A-4012,ROLL,,,WALLPAPER ROLL
GRACEFUL,10 ROLL,1750,DELHI,A-4013,ROLL,,,WALLPAPER ROLL
GRACEFUL,64 ROLL,1750,DELHI,A-4014,ROLL,,,WALLPAPER ROLL
GRACEFUL,16 ROLL,1750,DELHI,A-4015,ROLL,,,WALLPAPER ROLL
GRACEFUL,38 ROLL,1750,DELHI,A-4016,ROLL,,,WALLPAPER ROLL
GRACEFUL,24 ROLL,1250,DELHI,B-3001,ROLL,,,WALLPAPER ROLL
GRACEFUL,13 ROLL,1250,DELHI,B-3002,ROLL,,,WALLPAPER ROLL
GRACEFUL,42 ROLL,1250,DELHI,B-3003,ROLL,,,WALLPAPER ROLL
GRACEFUL,13 ROLL,1250,DELHI,B-3004,ROLL,,,WALLPAPER ROLL
GRACEFUL,24 ROLL,1250,DELHI,B-3005,ROLL,,,WALLPAPER ROLL
GRACEFUL,19 ROLL,1250,DELHI,B-3006,ROLL,,,WALLPAPER ROLL
GRACEFUL,82 ROLL,1250,DELHI,B-3007,ROLL,,,WALLPAPER ROLL
GRACEFUL,6 ROLL,1250,DELHI,B-3008,ROLL,,,WALLPAPER ROLL
GRACEFUL,15 ROLL,1250,DELHI,B-3009,ROLL,,,WALLPAPER ROLL
GRACEFUL,49 ROLL,1250,DELHI,B-3010,ROLL,,,WALLPAPER ROLL
GRACEFUL,28 ROLL,1250,DELHI,B-3011,ROLL,,,WALLPAPER ROLL
GRACEFUL,5 ROLL,1250,DELHI,B-3012,ROLL,,,WALLPAPER ROLL
GRACEFUL,29 ROLL,1250,DELHI,B-3013,ROLL,,,WALLPAPER ROLL
GRACEFUL,16 ROLL,1250,DELHI,B-3014,ROLL,,,WALLPAPER ROLL
GRACEFUL,3 ROLL,1250,DELHI,B-3015,ROLL,,,WALLPAPER ROLL
GRACEFUL,43 ROLL,1250,DELHI,B-3016,ROLL,,,WALLPAPER ROLL
GRACEFUL,24 ROLL,1250,DELHI,B-3017,ROLL,,,WALLPAPER ROLL
GRACEFUL,,1250,DELHI,B-3018,ROLL,,,WALLPAPER ROLL
GRACEFUL,,1250,DELHI,B-3019,ROLL,,,WALLPAPER ROLL
GRACEFUL,5 ROLL,1250,DELHI,B-3020,ROLL,,,WALLPAPER ROLL
GRACEFUL,32 ROLL,1250,DELHI,B-3021,ROLL,,,WALLPAPER ROLL
GRACEFUL,36 ROLL,1250,DELHI,B-3022,ROLL,,,WALLPAPER ROLL
GRACEFUL,33 ROLL,1250,DELHI,B-3023,ROLL,,,WALLPAPER ROLL
GRACEFUL,54 ROLL,1250,DELHI,B-3024,ROLL,,,WALLPAPER ROLL
GRACEFUL,5 ROLL,1250,DELHI,B-3025,ROLL,,,WALLPAPER ROLL
GRACEFUL,3 ROLL,1250,DELHI,B-3026,ROLL,,,WALLPAPER ROLL
GRACEFUL,6 ROLL,1250,DELHI,B-3027,ROLL,,,WALLPAPER ROLL
GRACEFUL,13 ROLL,1250,DELHI,B-3028,ROLL,,,WALLPAPER ROLL
GRACEFUL,26 ROLL,1250,DELHI,B-3029,ROLL,,,WALLPAPER ROLL
GRACEFUL,18 ROLL,1250,DELHI,B-3030,ROLL,,,WALLPAPER ROLL
GRACEFUL,6 ROLL,1250,DELHI,B-3031,ROLL,,,WALLPAPER ROLL
GRACEFUL,13 ROLL,1250,DELHI,B-3032,ROLL,,,WALLPAPER ROLL
GRACEFUL,1 ROLL,1250,DELHI,B-3033,ROLL,,,WALLPAPER ROLL
GRACEFUL,20 ROLL,1250,DELHI,B-3034,ROLL,,,WALLPAPER ROLL
GRACEFUL,22 ROLL,1250,DELHI,B-3035,ROLL,,,WALLPAPER ROLL
MARVELOUS,,500,DELHI,3D1006,ROLL,,,WALLPAPER ROLL
MARVELOUS,20 ROLL,500,DELHI,3D1007,ROLL,,,WALLPAPER ROLL
MARVELOUS,,500,DELHI,3D1011,ROLL,,,WALLPAPER ROLL
MARVELOUS,,500,DELHI,3D1013,ROLL,,,WALLPAPER ROLL
MARVELOUS,61 ROLL,500,DELHI,3D1032,ROLL,,,WALLPAPER ROLL
MARVELOUS,64 ROLL,500,DELHI,3D1033,ROLL,,,WALLPAPER ROLL
MARVELOUS,,500,DELHI,3D1035,ROLL,,,WALLPAPER ROLL
MARVELOUS,,500,DELHI,3D1041,ROLL,,,WALLPAPER ROLL
MARVELOUS,13 ROLL,500,DELHI,3D1042,ROLL,,,WALLPAPER ROLL
MARVELOUS,2 ROLL,500,DELHI,3D1043,ROLL,,,WALLPAPER ROLL
MARVELOUS,1 ROLL,500,DELHI,3D1071,ROLL,,,WALLPAPER ROLL
MARVELOUS,38 ROLL,500,DELHI,3D1073,ROLL,,,WALLPAPER ROLL
MARVELOUS,45 ROLL,500,DELHI,3D1074,ROLL,,,WALLPAPER ROLL
MARVELOUS,,500,DELHI,3D1081,ROLL,,,WALLPAPER ROLL
MARVELOUS,,500,DELHI,3D1082,ROLL,,,WALLPAPER ROLL
MARVELOUS,19 ROLL,500,DELHI,3D1083,ROLL,,,WALLPAPER ROLL
MARVELOUS,20 ROLL,500,DELHI,3D1091,ROLL,,,WALLPAPER ROLL
MARVELOUS,12 ROLL,500,DELHI,3D1092,ROLL,,,WALLPAPER ROLL
MARVELOUS,25 ROLL,500,DELHI,3D1093,ROLL,,,WALLPAPER ROLL
MARVELOUS,,500,DELHI,710222,ROLL,,,WALLPAPER ROLL
MARVELOUS,,500,DELHI,710223,ROLL,,,WALLPAPER ROLL
MARVELOUS,,500,DELHI,710224,ROLL,,,WALLPAPER ROLL
MARVELOUS,2 ROLL,500,DELHI,710225,ROLL,,,WALLPAPER ROLL
MARVELOUS,,500,DELHI,710262,ROLL,,,WALLPAPER ROLL
MARVELOUS,,500,DELHI,710263,ROLL,,,WALLPAPER ROLL
MARVELOUS,,500,DELHI,710264,ROLL,,,WALLPAPER ROLL
MARVELOUS,1 ROLL,500,DELHI,710265,ROLL,,,WALLPAPER ROLL
MARVELOUS,,500,DELHI,710322,ROLL,,,WALLPAPER ROLL
MARVELOUS,,500,DELHI,710323,ROLL,,,WALLPAPER ROLL
MARVELOUS,1 ROLL,500,DELHI,710324,ROLL,,,WALLPAPER ROLL
MARVELOUS,31 ROLL,500,DELHI,710325,ROLL,,,WALLPAPER ROLL
MARVELOUS,64 ROLL,500,DELHI,710351,ROLL,,,WALLPAPER ROLL
MARVELOUS,46 ROLL,500,DELHI,710352,ROLL,,,WALLPAPER ROLL
MARVELOUS,3 ROLL,500,DELHI,710353,ROLL,,,WALLPAPER ROLL
MARVELOUS,,500,DELHI,710354,ROLL,,,WALLPAPER ROLL
MARVELOUS,,500,DELHI,710381,ROLL,,,WALLPAPER ROLL
MARVELOUS,1 ROLL,500,DELHI,710383,ROLL,,,WALLPAPER ROLL
MARVELOUS,7 ROLL,500,DELHI,710384,ROLL,,,WALLPAPER ROLL
MARVELOUS,29 ROLL,500,DELHI,710385,ROLL,,,WALLPAPER ROLL
MARVELOUS,,500,DELHI,710421,ROLL,,,WALLPAPER ROLL
MARVELOUS,,500,DELHI,710424,ROLL,,,WALLPAPER ROLL
MARVELOUS,,500,DELHI,710425,ROLL,,,WALLPAPER ROLL
MARVELOUS,,500,DELHI,AD1520,ROLL,,,WALLPAPER ROLL
MARVELOUS,,500,DELHI,AD1521,ROLL,,,WALLPAPER ROLL
MARVELOUS,,500,DELHI,AD1522,ROLL,,,WALLPAPER ROLL
MARVELOUS,58 ROLL,500,DELHI,AD1523,ROLL,,,WALLPAPER ROLL
MARVELOUS,22 ROLL,500,DELHI,AD1524,ROLL,,,WALLPAPER ROLL
MARVELOUS,,500,DELHI,AD1530,ROLL,,,WALLPAPER ROLL
MARVELOUS,,500,DELHI,AD1533,ROLL,,,WALLPAPER ROLL
MARVELOUS,81 ROLL,500,DELHI,AD1534,ROLL,,,WALLPAPER ROLL
MARVELOUS,,500,DELHI,AD1541,ROLL,,,WALLPAPER ROLL
MARVELOUS,,500,DELHI,AD1542,ROLL,,,WALLPAPER ROLL
MARVELOUS,72 ROLL,500,DELHI,AD1544,ROLL,,,WALLPAPER ROLL
MARVELOUS,40 ROLL,500,DELHI,AD1551,ROLL,,,WALLPAPER ROLL
MARVELOUS,54 ROLL,500,DELHI,AD1552,ROLL,,,WALLPAPER ROLL
MARVELOUS,15 ROLL,500,DELHI,AD1553,ROLL,,,WALLPAPER ROLL
MARVELOUS,19 ROLL,500,DELHI,AD1554,ROLL,,,WALLPAPER ROLL
MARVELOUS,42 ROLL,500,DELHI,AD1561,ROLL,,,WALLPAPER ROLL
MARVELOUS,37 ROLL,500,DELHI,AD1562,ROLL,,,WALLPAPER ROLL
MARVELOUS,34 ROLL,500,DELHI,AD1563,ROLL,,,WALLPAPER ROLL
MARVELOUS,36 ROLL,500,DELHI,AD1564,ROLL,,,WALLPAPER ROLL
MARVELOUS,49 ROLL,500,DELHI,AD1571,ROLL,,,WALLPAPER ROLL
MARVELOUS,27 ROLL,500,DELHI,AD1572,ROLL,,,WALLPAPER ROLL
MARVELOUS,38 ROLL,500,DELHI,AD1573,ROLL,,,WALLPAPER ROLL
MIRAGE,12 ROLL,2800,DELHI,FT42601,ROLL,,,WALLPAPER ROLL
MIRAGE,25 ROLL,2800,DELHI,FT42602,ROLL,,,WALLPAPER ROLL
MIRAGE,19 ROLL,2800,DELHI,FT42604,ROLL,,,WALLPAPER ROLL
MIRAGE,12 ROLL,2800,DELHI,FT42605,ROLL,,,WALLPAPER ROLL
MIRAGE,5 ROLL,2800,DELHI,FT42801,ROLL,,,WALLPAPER ROLL
MIRAGE,9 ROLL,2800,DELHI,FT42802,ROLL,,,WALLPAPER ROLL
MIRAGE,14 ROLL,2800,DELHI,FT42804,ROLL,,,WALLPAPER ROLL
MIRAGE,12 ROLL,2800,DELHI,FT42805,ROLL,,,WALLPAPER ROLL
MIRAGE,28 ROLL,3500,DELHI,MG11001 (R),ROLL,,,WALLPAPER ROLL
MIRAGE,20 ROLL,3500,DELHI,MG11002 (R),ROLL,,,WALLPAPER ROLL
MIRAGE,9 ROLL,3500,DELHI,MG11004 (R),ROLL,,,WALLPAPER ROLL
MIRAGE,12 ROLL,3500,DELHI,MG11005 (R),ROLL,,,WALLPAPER ROLL
MIRAGE,13 ROLL,2800,DELHI,MG11101,ROLL,,,WALLPAPER ROLL
MIRAGE,24 ROLL,2800,DELHI,MG11102,ROLL,,,WALLPAPER ROLL
MIRAGE,5 ROLL,2800,DELHI,MG11104,ROLL,,,WALLPAPER ROLL
MIRAGE,28 ROLL,2800,DELHI,MG11105,ROLL,,,WALLPAPER ROLL
MIRAGE,15 ROLL,3500,DELHI,MG11201 (R),ROLL,,,WALLPAPER ROLL
MIRAGE,18 ROLL,3500,DELHI,MG11202 (R),ROLL,,,WALLPAPER ROLL
MIRAGE,19 ROLL,3500,DELHI,MG11203 (R),ROLL,,,WALLPAPER ROLL
MIRAGE,27 ROLL,3500,DELHI,MG11204 (R),ROLL,,,WALLPAPER ROLL
MIRAGE,18 ROLL,3500,DELHI,MG11301 (R),ROLL,,,WALLPAPER ROLL
MIRAGE,36 ROLL,3500,DELHI,MG11302 (R),ROLL,,,WALLPAPER ROLL
MIRAGE,18 ROLL,3500,DELHI,MG11303 (R),ROLL,,,WALLPAPER ROLL
MIRAGE,46 ROLL,3500,DELHI,MG11304 (R),ROLL,,,WALLPAPER ROLL
MIRAGE,10 ROLL,2800,DELHI,MG11601,ROLL,,,WALLPAPER ROLL
MIRAGE,6 ROLL,2800,DELHI,MG11602,ROLL,,,WALLPAPER ROLL
MIRAGE,11 ROLL,2800,DELHI,MG11606,ROLL,,,WALLPAPER ROLL
MIRAGE,6 ROLL,2800,DELHI,MG11607,ROLL,,,WALLPAPER ROLL
MIRAGE,6 ROLL,2800,DELHI,MG11702,ROLL,,,WALLPAPER ROLL
MIRAGE,3 ROLL,2800,DELHI,MG11704,ROLL,,,WALLPAPER ROLL
MIRAGE,11 ROLL,2800,DELHI,MG11705,ROLL,,,WALLPAPER ROLL
MIRAGE,17 ROLL,2800,DELHI,MG11706,ROLL,,,WALLPAPER ROLL
MIRAGE,2 ROLL,2800,DELHI,MG11802,ROLL,,,WALLPAPER ROLL
MIRAGE,2 ROLL,2800,DELHI,MG11804,ROLL,,,WALLPAPER ROLL
MIRAGE,11 ROLL,2800,DELHI,MG11805,ROLL,,,WALLPAPER ROLL
MIRAGE,2 ROLL,2800,DELHI,MG11806,ROLL,,,WALLPAPER ROLL
MIRAGE,21 ROLL,2800,DELHI,MG12001,ROLL,,,WALLPAPER ROLL
MIRAGE,2 ROLL,2800,DELHI,MG12002,ROLL,,,WALLPAPER ROLL
MIRAGE,,2800,DELHI,MG12004,ROLL,,,WALLPAPER ROLL
MIRAGE,16 ROLL,2800,DELHI,MG12007,ROLL,,,WALLPAPER ROLL
MIRAGE,9 ROLL,3500,DELHI,ON57101 (R),ROLL,,,WALLPAPER ROLL
MIRAGE,14 ROLL,3500,DELHI,ON57103 (R),ROLL,,,WALLPAPER ROLL
MIRAGE,12 ROLL,3500,DELHI,ON57104 (R),ROLL,,,WALLPAPER ROLL
MIRAGE,10 ROLL,3500,DELHI,ON57105 (R),ROLL,,,WALLPAPER ROLL
MIRAGE,11 ROLL,2800,DELHI,ON57202,ROLL,,,WALLPAPER ROLL
MIRAGE,15 ROLL,2800,DELHI,ON57203,ROLL,,,WALLPAPER ROLL
MIRAGE,21 ROLL,2800,DELHI,ON57204,ROLL,,,WALLPAPER ROLL
MIRAGE,14 ROLL,2800,DELHI,ON57205,ROLL,,,WALLPAPER ROLL
MIRAGE,18 ROLL,2800,DELHI,ON57301,ROLL,,,WALLPAPER ROLL
MIRAGE,9 ROLL,2800,DELHI,ON57302,ROLL,,,WALLPAPER ROLL
MIRAGE,8 ROLL,2800,DELHI,ON57303,ROLL,,,WALLPAPER ROLL
MIRAGE,29 ROLL,2800,DELHI,ON57305,ROLL,,,WALLPAPER ROLL
MIRAGE,14 ROLL,2800,DELHI,ON57402,ROLL,,,WALLPAPER ROLL
MIRAGE,14 ROLL,2800,DELHI,ON57403,ROLL,,,WALLPAPER ROLL
MIRAGE,16 ROLL,2800,DELHI,ON57404,ROLL,,,WALLPAPER ROLL
MIRAGE,39 ROLL,2800,DELHI,ON57405,ROLL,,,WALLPAPER ROLL
MIRAGE,,2800,DELHI,ON57501,ROLL,,,WALLPAPER ROLL
MIRAGE,18 ROLL,2800,DELHI,ON57502,ROLL,,,WALLPAPER ROLL
MIRAGE,19 ROLL,2800,DELHI,ON57503,ROLL,,,WALLPAPER ROLL
MIRAGE,7 ROLL,2800,DELHI,ON57504,ROLL,,,WALLPAPER ROLL
MIRAGE,21 ROLL,3500,DELHI,ON57901 (R),ROLL,,,WALLPAPER ROLL
MIRAGE,20 ROLL,3500,DELHI,ON57902 (R),ROLL,,,WALLPAPER ROLL
MIRAGE,13 ROLL,3500,DELHI,ON57903 (R),ROLL,,,WALLPAPER ROLL
MIRAGE,11 ROLL,3500,DELHI,ON57904 (R),ROLL,,,WALLPAPER ROLL
MIRAGE II,14 ROLL,3500,DELHI,KH78001,ROLL,,,WALLPAPER ROLL
MIRAGE II,1 ROLL,3500,DELHI,KH78002,ROLL,,,WALLPAPER ROLL
MIRAGE II,9 ROLL,3500,DELHI,KH78003,ROLL,,,WALLPAPER ROLL
MIRAGE II,,3500,DELHI,KH78004,ROLL,,,WALLPAPER ROLL
MIRAGE II,16 ROLL,3500,DELHI,KH78005,ROLL,,,WALLPAPER ROLL
MIRAGE II,12 ROLL,3500,DELHI,KH78101,ROLL,,,WALLPAPER ROLL
MIRAGE II,,3500,DELHI,KH78102,ROLL,,,WALLPAPER ROLL
MIRAGE II,1 ROLL,3500,DELHI,KH78103,ROLL,,,WALLPAPER ROLL
MIRAGE II,8 ROLL,3500,DELHI,KH78104,ROLL,,,WALLPAPER ROLL
MIRAGE II,26 ROLL,3500,DELHI,KH78105,ROLL,,,WALLPAPER ROLL
MIRAGE II,18 ROLL,3500,DELHI,KH78201,ROLL,,,WALLPAPER ROLL
MIRAGE II,,3500,DELHI,KH78202,ROLL,,,WALLPAPER ROLL
MIRAGE II,11 ROLL,3500,DELHI,KH78203,ROLL,,,WALLPAPER ROLL
MIRAGE II,22 ROLL,3500,DELHI,KH78204,ROLL,,,WALLPAPER ROLL
MIRAGE II,15 ROLL,3500,DELHI,KH78501,ROLL,,,WALLPAPER ROLL
MIRAGE II,13 ROLL,3500,DELHI,KH78502,ROLL,,,WALLPAPER ROLL
MIRAGE II,16 ROLL,3500,DELHI,KH78503,ROLL,,,WALLPAPER ROLL
MIRAGE II,25 ROLL,3500,DELHI,KH78504,ROLL,,,WALLPAPER ROLL
MIRAGE II,6 ROLL,3500,DELHI,KH78601,ROLL,,,WALLPAPER ROLL
MIRAGE II,7 ROLL,3500,DELHI,KH78602,ROLL,,,WALLPAPER ROLL
MIRAGE II,1 ROLL,3500,DELHI,KH78603,ROLL,,,WALLPAPER ROLL
MIRAGE II,,3500,DELHI,KH78604,ROLL,,,WALLPAPER ROLL
MIRAGE II,8 ROLL,3500,DELHI,KH78605,ROLL,,,WALLPAPER ROLL
MIRAGE II,16 ROLL,3500,DELHI,KH78701,ROLL,,,WALLPAPER ROLL
MIRAGE II,1 ROLL,3500,DELHI,KH78702,ROLL,,,WALLPAPER ROLL
MIRAGE II,17 ROLL,3500,DELHI,KH78703,ROLL,,,WALLPAPER ROLL
MIRAGE II,,3500,DELHI,KH78704,ROLL,,,WALLPAPER ROLL
MIRAGE II,,3500,DELHI,KH78705,ROLL,,,WALLPAPER ROLL
MIRAGE II,13 ROLL,3500,DELHI,KH78801,ROLL,,,WALLPAPER ROLL
MIRAGE II,6 ROLL,3500,DELHI,KH78802,ROLL,,,WALLPAPER ROLL
MIRAGE II,,3500,DELHI,KH78803,ROLL,,,WALLPAPER ROLL
MIRAGE II,13 ROLL,3500,DELHI,KH78804,ROLL,,,WALLPAPER ROLL
MIRAGE II,7 ROLL,3500,DELHI,KH78805,ROLL,,,WALLPAPER ROLL
MIRAGE II,17 ROLL,2800,DELHI,TN83001,ROLL,,,WALLPAPER ROLL
MIRAGE II,12 ROLL,2800,DELHI,TN83002,ROLL,,,WALLPAPER ROLL
MIRAGE II,17 ROLL,2800,DELHI,TN83003,ROLL,,,WALLPAPER ROLL
MIRAGE II,17 ROLL,2800,DELHI,TN83004,ROLL,,,WALLPAPER ROLL
MIRAGE II,13 ROLL,2800,DELHI,TN83005,ROLL,,,WALLPAPER ROLL
MIRAGE II,9 ROLL,2800,DELHI,TN83201,ROLL,,,WALLPAPER ROLL
MIRAGE II,7 ROLL,2800,DELHI,TN83202,ROLL,,,WALLPAPER ROLL
MIRAGE II,1 ROLL,2800,DELHI,TN83203,ROLL,,,WALLPAPER ROLL
MIRAGE II,3 ROLL,2800,DELHI,TN83204,ROLL,,,WALLPAPER ROLL
MIRAGE II,27 ROLL,2800,DELHI,TN83205,ROLL,,,WALLPAPER ROLL
MIRAGE II,1 ROLL,2800,DELHI,TN83402,ROLL,,,WALLPAPER ROLL
MIRAGE II,8 ROLL,2800,DELHI,TN83403,ROLL,,,WALLPAPER ROLL
MIRAGE II,11 ROLL,2800,DELHI,TN83404,ROLL,,,WALLPAPER ROLL
MIRAGE II,14 ROLL,2800,DELHI,TN83405,ROLL,,,WALLPAPER ROLL
MIRAGE II,13 ROLL,2800,DELHI,TN83602,ROLL,,,WALLPAPER ROLL
MIRAGE II,17 ROLL,2800,DELHI,TN83603,ROLL,,,WALLPAPER ROLL
MIRAGE II,8 ROLL,2800,DELHI,TN83604,ROLL,,,WALLPAPER ROLL
MIRAGE II,14 ROLL,2800,DELHI,TN83605,ROLL,,,WALLPAPER ROLL
MIRAGE II,9 ROLL,2800,DELHI,TN83802,ROLL,,,WALLPAPER ROLL
MIRAGE II,13 ROLL,2800,DELHI,TN83803,ROLL,,,WALLPAPER ROLL
MIRAGE II,16 ROLL,2800,DELHI,TN83804,ROLL,,,WALLPAPER ROLL
MIRAGE III,13 ROLL,4150,DELHI,SR28001,ROLL,,,WALLPAPER ROLL
MIRAGE III,6 ROLL,4150,DELHI,SR28002,ROLL,,,WALLPAPER ROLL
MIRAGE III,25 ROLL,4150,DELHI,SR28003,ROLL,,,WALLPAPER ROLL
MIRAGE III,50 ROLL,4150,DELHI,SR28004,ROLL,,,WALLPAPER ROLL
MIRAGE III,3 ROLL,4150,DELHI,SR28005,ROLL,,,WALLPAPER ROLL
MIRAGE III,12 ROLL,4150,DELHI,SR28006,ROLL,,,WALLPAPER ROLL
MIRAGE III,19 ROLL,4150,DELHI,SR28101,ROLL,,,WALLPAPER ROLL
MIRAGE III,22 ROLL,4150,DELHI,SR28102,ROLL,,,WALLPAPER ROLL
MIRAGE III,3 ROLL,4150,DELHI,SR28104,ROLL,,,WALLPAPER ROLL
MIRAGE III,18 ROLL,4150,DELHI,SR28201,ROLL,,,WALLPAPER ROLL
MIRAGE III,6 ROLL,4150,DELHI,SR28202,ROLL,,,WALLPAPER ROLL
MIRAGE III,11 ROLL,4150,DELHI,SR28203,ROLL,,,WALLPAPER ROLL
MIRAGE III,12 ROLL,4150,DELHI,SR28204,ROLL,,,WALLPAPER ROLL
MIRAGE III,20 ROLL,4150,DELHI,SR28205,ROLL,,,WALLPAPER ROLL
MIRAGE III,19 ROLL,4150,DELHI,SR28301,ROLL,,,WALLPAPER ROLL
MIRAGE III,52 ROLL,4150,DELHI,SR28302,ROLL,,,WALLPAPER ROLL
MIRAGE III,28 ROLL,4150,DELHI,SR28303,ROLL,,,WALLPAPER ROLL
MIRAGE III,17 ROLL,4150,DELHI,SR28304,ROLL,,,WALLPAPER ROLL
MIRAGE III,21 ROLL,4150,DELHI,SR28305,ROLL,,,WALLPAPER ROLL
MIRAGE III,16 ROLL,4150,DELHI,SR28401,ROLL,,,WALLPAPER ROLL
MIRAGE III,21 ROLL,4150,DELHI,SR28402,ROLL,,,WALLPAPER ROLL
MIRAGE III,13 ROLL,4150,DELHI,SR28403,ROLL,,,WALLPAPER ROLL
MIRAGE III,11 ROLL,4150,DELHI,SR28404,ROLL,,,WALLPAPER ROLL
MIRAGE III,30 ROLL,4150,DELHI,SR28405,ROLL,,,WALLPAPER ROLL
MIRAGE III,14 ROLL,4150,DELHI,SR28501,ROLL,,,WALLPAPER ROLL
MIRAGE III,2 ROLL,4150,DELHI,SR28502,ROLL,,,WALLPAPER ROLL
MIRAGE III,17 ROLL,4150,DELHI,SR28503,ROLL,,,WALLPAPER ROLL
MIRAGE III,27 ROLL,4150,DELHI,SR28504,ROLL,,,WALLPAPER ROLL
MIRAGE III,14 ROLL,4150,DELHI,SR28505,ROLL,,,WALLPAPER ROLL
MIRAGE III,14 ROLL,4150,DELHI,SR28601,ROLL,,,WALLPAPER ROLL
MIRAGE III,23 ROLL,4150,DELHI,SR28602,ROLL,,,WALLPAPER ROLL
MIRAGE III,15 ROLL,4150,DELHI,SR28603,ROLL,,,WALLPAPER ROLL
MIRAGE III,31 ROLL,4150,DELHI,SR28604,ROLL,,,WALLPAPER ROLL
MIRAGE III,7 ROLL,4150,DELHI,SR28605,ROLL,,,WALLPAPER ROLL
MIRAGE III,21 ROLL,4150,DELHI,SR28701,ROLL,,,WALLPAPER ROLL
MIRAGE III,41 ROLL,4150,DELHI,SR28702,ROLL,,,WALLPAPER ROLL
MIRAGE III,52 ROLL,4150,DELHI,SR28703,ROLL,,,WALLPAPER ROLL
MIRAGE III,32 ROLL,4150,DELHI,SR28704,ROLL,,,WALLPAPER ROLL
MIRAGE III,24 ROLL,4150,DELHI,SR28801,ROLL,,,WALLPAPER ROLL
MIRAGE III,11 ROLL,4150,DELHI,SR28802,ROLL,,,WALLPAPER ROLL
MIRAGE III,16 ROLL,4150,DELHI,SR28803,ROLL,,,WALLPAPER ROLL
MIRAGE III,12 ROLL,4150,DELHI,SR28804,ROLL,,,WALLPAPER ROLL
MIRAGE III,13 ROLL,4150,DELHI,SR28805,ROLL,,,WALLPAPER ROLL
MIRAGE IV,14 ROLL,3050,DELHI,AR65001,ROLL,,,WALLPAPER ROLL
MIRAGE IV,,3050,DELHI,AR65002,ROLL,,,WALLPAPER ROLL
MIRAGE IV,18 ROLL,3050,DELHI,AR65003,ROLL,,,WALLPAPER ROLL
MIRAGE IV,14 ROLL,3050,DELHI,AR65004,ROLL,,,WALLPAPER ROLL
MIRAGE IV,8 ROLL,3050,DELHI,AR65005,ROLL,,,WALLPAPER ROLL
MIRAGE IV,30 ROLL,3050,DELHI,AR65006,ROLL,,,WALLPAPER ROLL
MIRAGE IV,8 ROLL,3050,DELHI,AR65101,ROLL,,,WALLPAPER ROLL
MIRAGE IV,8 ROLL,3050,DELHI,AR65102,ROLL,,,WALLPAPER ROLL
MIRAGE IV,21 ROLL,3050,DELHI,AR65103,ROLL,,,WALLPAPER ROLL
MIRAGE IV,9 ROLL,3050,DELHI,AR65104,ROLL,,,WALLPAPER ROLL
MIRAGE IV,10 ROLL,3050,DELHI,AR65105,ROLL,,,WALLPAPER ROLL
MIRAGE IV,25 ROLL,3050,DELHI,AR65201,ROLL,,,WALLPAPER ROLL
MIRAGE IV,37 ROLL,3050,DELHI,AR65202,ROLL,,,WALLPAPER ROLL
MIRAGE IV,12 ROLL,3050,DELHI,AR65203,ROLL,,,WALLPAPER ROLL
MIRAGE IV,24 ROLL,3050,DELHI,AR65204,ROLL,,,WALLPAPER ROLL
MIRAGE IV,12 ROLL,3050,DELHI,AR65205,ROLL,,,WALLPAPER ROLL
MIRAGE IV,16 ROLL,3050,DELHI,AR65301,ROLL,,,WALLPAPER ROLL
MIRAGE IV,5 ROLL,3050,DELHI,AR65302,ROLL,,,WALLPAPER ROLL
MIRAGE IV,6 ROLL,3050,DELHI,AR65303,ROLL,,,WALLPAPER ROLL
MIRAGE IV,3 ROLL,3050,DELHI,AR65304,ROLL,,,WALLPAPER ROLL
MIRAGE IV,18 ROLL,3050,DELHI,AR65401,ROLL,,,WALLPAPER ROLL
MIRAGE IV,16 ROLL,3050,DELHI,AR65402,ROLL,,,WALLPAPER ROLL
MIRAGE IV,26 ROLL,3050,DELHI,AR65403,ROLL,,,WALLPAPER ROLL
MIRAGE IV,18 ROLL,3050,DELHI,AR65404,ROLL,,,WALLPAPER ROLL
MIRAGE IV,9 ROLL,3050,DELHI,AR65405,ROLL,,,WALLPAPER ROLL
MIRAGE IV,10 ROLL,3050,DELHI,AR65501,ROLL,,,WALLPAPER ROLL
MIRAGE IV,9 ROLL,3050,DELHI,AR65502,ROLL,,,WALLPAPER ROLL
MIRAGE IV,29 ROLL,3050,DELHI,AR65503,ROLL,,,WALLPAPER ROLL
MIRAGE IV,18 ROLL,3050,DELHI,AR65504,ROLL,,,WALLPAPER ROLL
MIRAGE IV,14 ROLL,3050,DELHI,AR65505,ROLL,,,WALLPAPER ROLL
MIRAGE IV,6 ROLL,3050,DELHI,AR65601,ROLL,,,WALLPAPER ROLL
MIRAGE IV,10 ROLL,3050,DELHI,AR65602,ROLL,,,WALLPAPER ROLL
MIRAGE IV,19 ROLL,3050,DELHI,AR65603,ROLL,,,WALLPAPER ROLL
MIRAGE IV,17 ROLL,3050,DELHI,AR65604,ROLL,,,WALLPAPER ROLL
MIRAGE IV,30 ROLL,3050,DELHI,AR65605,ROLL,,,WALLPAPER ROLL
MIRAGE IV,20 ROLL,3050,DELHI,AR65606,ROLL,,,WALLPAPER ROLL
MIRAGE IV,8 ROLL,3050,DELHI,AR65701,ROLL,,,WALLPAPER ROLL
MIRAGE IV,23 ROLL,3050,DELHI,AR65702,ROLL,,,WALLPAPER ROLL
MIRAGE IV,24 ROLL,3050,DELHI,AR65703,ROLL,,,WALLPAPER ROLL
MIRAGE IV,9 ROLL,3050,DELHI,AR65704,ROLL,,,WALLPAPER ROLL
MIRAGE IV,45 ROLL,3050,DELHI,AR65705,ROLL,,,WALLPAPER ROLL
MIRAGE IV,9 ROLL,3050,DELHI,AR65801,ROLL,,,WALLPAPER ROLL
MIRAGE IV,15 ROLL,3050,DELHI,AR65802,ROLL,,,WALLPAPER ROLL
MIRAGE IV,10 ROLL,3050,DELHI,AR65803,ROLL,,,WALLPAPER ROLL
MIRAGE IV,10 ROLL,3050,DELHI,AR65804,ROLL,,,WALLPAPER ROLL
MIRAGE IV,14 ROLL,3050,DELHI,AR65805,ROLL,,,WALLPAPER ROLL
MIRAGE IV,21 ROLL,3050,DELHI,AR65806,ROLL,,,WALLPAPER ROLL
MIRAGE V,21 ROLL,3650,DELHI,NG33001 (R),ROLL,,,WALLPAPER ROLL
MIRAGE V,11 ROLL,3650,DELHI,NG33002 (R),ROLL,,,WALLPAPER ROLL
MIRAGE V,2 ROLL,3650,DELHI,NG33003 (R),ROLL,,,WALLPAPER ROLL
MIRAGE V,20 ROLL,3650,DELHI,NG33004 (R),ROLL,,,WALLPAPER ROLL
MIRAGE V,14 ROLL,3650,DELHI,NG33005 (R),ROLL,,,WALLPAPER ROLL
MIRAGE V,24 ROLL,2900,DELHI,NG33101,ROLL,,,WALLPAPER ROLL
MIRAGE V,19 ROLL,2900,DELHI,NG33102,ROLL,,,WALLPAPER ROLL
MIRAGE V,48 ROLL,2900,DELHI,NG33103,ROLL,,,WALLPAPER ROLL
MIRAGE V,15 ROLL,2900,DELHI,NG33104,ROLL,,,WALLPAPER ROLL
MIRAGE V,16 ROLL,2900,DELHI,NG33105,ROLL,,,WALLPAPER ROLL
MIRAGE V,9 ROLL,2900,DELHI,NG33201,ROLL,,,WALLPAPER ROLL
MIRAGE V,24 ROLL,2900,DELHI,NG33202,ROLL,,,WALLPAPER ROLL
MIRAGE V,13 ROLL,2900,DELHI,NG33203,ROLL,,,WALLPAPER ROLL
MIRAGE V,9 ROLL,2900,DELHI,NG33204,ROLL,,,WALLPAPER ROLL
MIRAGE V,24 ROLL,2900,DELHI,NG33205,ROLL,,,WALLPAPER ROLL
MIRAGE V,21 ROLL,2900,DELHI,NG33301,ROLL,,,WALLPAPER ROLL
MIRAGE V,21 ROLL,2900,DELHI,NG33302,ROLL,,,WALLPAPER ROLL
MIRAGE V,4 ROLL,2900,DELHI,NG33303,ROLL,,,WALLPAPER ROLL
MIRAGE V,6 ROLL,2900,DELHI,NG33304,ROLL,,,WALLPAPER ROLL
MIRAGE V,8 ROLL,2900,DELHI,NG33305,ROLL,,,WALLPAPER ROLL
MIRAGE V,9 ROLL,2900,DELHI,NG33402,ROLL,,,WALLPAPER ROLL
MIRAGE V,14 ROLL,2900,DELHI,NG33403,ROLL,,,WALLPAPER ROLL
MIRAGE V,18 ROLL,2900,DELHI,NG33404,ROLL,,,WALLPAPER ROLL
MIRAGE V,24 ROLL,2900,DELHI,NG33405,ROLL,,,WALLPAPER ROLL
MIRAGE V,18 ROLL,2900,DELHI,NG33501,ROLL,,,WALLPAPER ROLL
MIRAGE V,7 ROLL,2900,DELHI,NG33502,ROLL,,,WALLPAPER ROLL
MIRAGE V,57 ROLL,2900,DELHI,NG33503,ROLL,,,WALLPAPER ROLL
MIRAGE V,13 ROLL,2900,DELHI,NG33505,ROLL,,,WALLPAPER ROLL
MIRAGE V,15 ROLL,2900,DELHI,NG33601,ROLL,,,WALLPAPER ROLL
MIRAGE V,26 ROLL,2900,DELHI,NG33602,ROLL,,,WALLPAPER ROLL
MIRAGE V,18 ROLL,2900,DELHI,NG33603,ROLL,,,WALLPAPER ROLL
MIRAGE V,14 ROLL,2900,DELHI,NG33604,ROLL,,,WALLPAPER ROLL
MIRAGE V,15 ROLL,2900,DELHI,NG33605,ROLL,,,WALLPAPER ROLL
MIRAGE V,12 ROLL,2900,DELHI,NG33701,ROLL,,,WALLPAPER ROLL
MIRAGE V,10 ROLL,2900,DELHI,NG33702,ROLL,,,WALLPAPER ROLL
MIRAGE V,9 ROLL,2900,DELHI,NG33703,ROLL,,,WALLPAPER ROLL
MIRAGE V,17 ROLL,2900,DELHI,NG33704,ROLL,,,WALLPAPER ROLL
MIRAGE V,24 ROLL,2900,DELHI,NG33705,ROLL,,,WALLPAPER ROLL
MIRAGE V,9 ROLL,2900,DELHI,NG33801,ROLL,,,WALLPAPER ROLL
MIRAGE V,4 ROLL,2900,DELHI,NG33802,ROLL,,,WALLPAPER ROLL
MIRAGE V,12 ROLL,2900,DELHI,NG33803,ROLL,,,WALLPAPER ROLL
MIRAGE V,36 ROLL,2900,DELHI,NG33804,ROLL,,,WALLPAPER ROLL
MIRAGE V,11 ROLL,2900,DELHI,NG33805,ROLL,,,WALLPAPER ROLL
MIRAGE V,9 ROLL,2900,DELHI,NG33806,ROLL,,,WALLPAPER ROLL
MIRAGE V,12 ROLL,2900,DELHI,NG33901,ROLL,,,WALLPAPER ROLL
MIRAGE V,12 ROLL,2900,DELHI,NG33902,ROLL,,,WALLPAPER ROLL
MIRAGE V,18 ROLL,2900,DELHI,NG33903,ROLL,,,WALLPAPER ROLL
MIRAGE V,13 ROLL,2900,DELHI,NG33904,ROLL,,,WALLPAPER ROLL
MIRAGE V,21 ROLL,2900,DELHI,NG34201,ROLL,,,WALLPAPER ROLL
MIRAGE V,10 ROLL,2900,DELHI,NG34202,ROLL,,,WALLPAPER ROLL
MIRAGE V,7 ROLL,2900,DELHI,NG34203,ROLL,,,WALLPAPER ROLL
MIRAGE V,5 ROLL,2900,DELHI,NG34204,ROLL,,,WALLPAPER ROLL
MIRAGE VI,18 ROLL,3500,DELHI,MA95001 (R),ROLL,,,WALLPAPER ROLL
MIRAGE VI,36 ROLL,3500,DELHI,MA95002 (R),ROLL,,,WALLPAPER ROLL
MIRAGE VI,18 ROLL,3500,DELHI,MA95003 (R),ROLL,,,WALLPAPER ROLL
MIRAGE VI,25 ROLL,3500,DELHI,MA95004 (R),ROLL,,,WALLPAPER ROLL
MIRAGE VI,27 ROLL,3500,DELHI,MA95005 (R),ROLL,,,WALLPAPER ROLL
MIRAGE VI,5 ROLL,3100,DELHI,MA95101,ROLL,,,WALLPAPER ROLL
MIRAGE VI,16 ROLL,3100,DELHI,MA95102,ROLL,,,WALLPAPER ROLL
MIRAGE VI,18 ROLL,3100,DELHI,MA95103,ROLL,,,WALLPAPER ROLL
MIRAGE VI,3 ROLL,3100,DELHI,MA95104,ROLL,,,WALLPAPER ROLL
MIRAGE VI,,3100,DELHI,MA95105,ROLL,,,WALLPAPER ROLL
MIRAGE VI,22 ROLL,3500,DELHI,MA95201 (R),ROLL,,,WALLPAPER ROLL
MIRAGE VI,20 ROLL,3500,DELHI,MA95202 (R),ROLL,,,WALLPAPER ROLL
MIRAGE VI,28 ROLL,3500,DELHI,MA95203 (R),ROLL,,,WALLPAPER ROLL
MIRAGE VI,18 ROLL,3500,DELHI,MA95204 (R),ROLL,,,WALLPAPER ROLL
MIRAGE VI,26 ROLL,3500,DELHI,MA95205 (R),ROLL,,,WALLPAPER ROLL
MIRAGE VI,29 ROLL,3500,DELHI,MA95206 (R),ROLL,,,WALLPAPER ROLL
MIRAGE VI,13 ROLL,3100,DELHI,MA95301,ROLL,,,WALLPAPER ROLL
MIRAGE VI,22 ROLL,3100,DELHI,MA95302,ROLL,,,WALLPAPER ROLL
MIRAGE VI,13 ROLL,3100,DELHI,MA95303,ROLL,,,WALLPAPER ROLL
MIRAGE VI,12 ROLL,3100,DELHI,MA95304,ROLL,,,WALLPAPER ROLL
MIRAGE VI,16 ROLL,3100,DELHI,MA95305,ROLL,,,WALLPAPER ROLL
MIRAGE VI,20 ROLL,3100,DELHI,MA95306,ROLL,,,WALLPAPER ROLL
MIRAGE VI,16 ROLL,3100,DELHI,MA95401,ROLL,,,WALLPAPER ROLL
MIRAGE VI,14 ROLL,3100,DELHI,MA95402,ROLL,,,WALLPAPER ROLL
MIRAGE VI,7 ROLL,3100,DELHI,MA95403,ROLL,,,WALLPAPER ROLL
MIRAGE VI,23 ROLL,3100,DELHI,MA95404,ROLL,,,WALLPAPER ROLL
MIRAGE VI,8 ROLL,3100,DELHI,MA95405,ROLL,,,WALLPAPER ROLL
MIRAGE VI,17 ROLL,3100,DELHI,MA95501,ROLL,,,WALLPAPER ROLL
MIRAGE VI,10 ROLL,3100,DELHI,MA95502,ROLL,,,WALLPAPER ROLL
MIRAGE VI,,3100,DELHI,MA95503,ROLL,,,WALLPAPER ROLL
MIRAGE VI,17 ROLL,3100,DELHI,MA95504,ROLL,,,WALLPAPER ROLL
MIRAGE VI,19 ROLL,3100,DELHI,MA95505,ROLL,,,WALLPAPER ROLL
MIRAGE VI,17 ROLL,3100,DELHI,MA95506,ROLL,,,WALLPAPER ROLL
MIRAGE VI,17 ROLL,3500,DELHI,MA95601 (R),ROLL,,,WALLPAPER ROLL
MIRAGE VI,12 ROLL,3500,DELHI,MA95602 (R),ROLL,,,WALLPAPER ROLL
MIRAGE VI,12 ROLL,3500,DELHI,MA95603 (R),ROLL,,,WALLPAPER ROLL
MIRAGE VI,19 ROLL,3500,DELHI,MA95604 (R),ROLL,,,WALLPAPER ROLL
MIRAGE VI,24 ROLL,3500,DELHI,MA95605 (R),ROLL,,,WALLPAPER ROLL
MIRAGE VI,14 ROLL,3100,DELHI,MA95701,ROLL,,,WALLPAPER ROLL
MIRAGE VI,12 ROLL,3100,DELHI,MA95702,ROLL,,,WALLPAPER ROLL
MIRAGE VI,9 ROLL,3100,DELHI,MA95703,ROLL,,,WALLPAPER ROLL
MIRAGE VI,25 ROLL,3100,DELHI,MA95704,ROLL,,,WALLPAPER ROLL
MIRAGE VI,16 ROLL,3100,DELHI,MA95705,ROLL,,,WALLPAPER ROLL
MIRAGE VI,12 ROLL,3100,DELHI,MA95706,ROLL,,,WALLPAPER ROLL
MIRAGE VI,,3100,DELHI,MA95801,ROLL,,,WALLPAPER ROLL
MIRAGE VI,12 ROLL,3100,DELHI,MA95802,ROLL,,,WALLPAPER ROLL
MIRAGE VI,13 ROLL,3100,DELHI,MA95803,ROLL,,,WALLPAPER ROLL
MIRAGE VI,12 ROLL,3100,DELHI,MA95804,ROLL,,,WALLPAPER ROLL
MIRAGE VI,12 ROLL,3100,DELHI,MA95805,ROLL,,,WALLPAPER ROLL
MIRAGE VI,8 ROLL,3100,DELHI,MA95806,ROLL,,,WALLPAPER ROLL
MORE,74 ROLL,1600,DELHI,613122-1,ROLL,,,WALLPAPER ROLL
MORE,33 ROLL,1600,DELHI,613122-2,ROLL,,,WALLPAPER ROLL
MORE,73 ROLL,1600,DELHI,613122-3,ROLL,,,WALLPAPER ROLL
MORE,30 ROLL,1600,DELHI,613122-4,ROLL,,,WALLPAPER ROLL
MORE,48 ROLL,1600,DELHI,613122-5,ROLL,,,WALLPAPER ROLL
MORE,12 ROLL,1600,DELHI,613122-6,ROLL,,,WALLPAPER ROLL
MORE,49 ROLL,1600,DELHI,613210-1,ROLL,,,WALLPAPER ROLL
MORE,39 ROLL,1600,DELHI,613210-2,ROLL,,,WALLPAPER ROLL
MORE,43 ROLL,1600,DELHI,613210-3,ROLL,,,WALLPAPER ROLL
MORE,18 ROLL,1600,DELHI,613213-1,ROLL,,,WALLPAPER ROLL
MORE,42 ROLL,1600,DELHI,613213-2,ROLL,,,WALLPAPER ROLL
MORE,37 ROLL,1600,DELHI,613213-3,ROLL,,,WALLPAPER ROLL
MORE,56 ROLL,1600,DELHI,613213-4,ROLL,,,WALLPAPER ROLL
MORE,50 ROLL,1600,DELHI,613213-5,ROLL,,,WALLPAPER ROLL
MORE,45 ROLL,1600,DELHI,613217-1,ROLL,,,WALLPAPER ROLL
MORE,59 ROLL,1600,DELHI,613217-2,ROLL,,,WALLPAPER ROLL
MORE,84 ROLL,1600,DELHI,613217-3,ROLL,,,WALLPAPER ROLL
MORE,39 ROLL,1600,DELHI,613217-4,ROLL,,,WALLPAPER ROLL
MORE,43 ROLL,1600,DELHI,613217-5,ROLL,,,WALLPAPER ROLL
MORE,59 ROLL,1600,DELHI,613311-1,ROLL,,,WALLPAPER ROLL
MORE,69 ROLL,1600,DELHI,613311-2,ROLL,,,WALLPAPER ROLL
MORE,53 ROLL,1600,DELHI,613311-3,ROLL,,,WALLPAPER ROLL
MORE,77 ROLL,1600,DELHI,613311-4,ROLL,,,WALLPAPER ROLL
MORE,33 ROLL,1600,DELHI,613337-1,ROLL,,,WALLPAPER ROLL
MORE,38 ROLL,1600,DELHI,613337-2,ROLL,,,WALLPAPER ROLL
MORE,41 ROLL,1600,DELHI,613337-3,ROLL,,,WALLPAPER ROLL
MORE,28 ROLL,1600,DELHI,613337-4,ROLL,,,WALLPAPER ROLL
MORE,39 ROLL,1600,DELHI,613337-5,ROLL,,,WALLPAPER ROLL
MORE,41 ROLL,1600,DELHI,613337-6,ROLL,,,WALLPAPER ROLL
MORE,20 ROLL,1600,DELHI,613337-7,ROLL,,,WALLPAPER ROLL
MORE,26 ROLL,1600,DELHI,613411-1,ROLL,,,WALLPAPER ROLL
MORE,42 ROLL,1600,DELHI,613411-2,ROLL,,,WALLPAPER ROLL
MORE,86 ROLL,1600,DELHI,613411-3,ROLL,,,WALLPAPER ROLL
MORE,65 ROLL,1600,DELHI,613411-4,ROLL,,,WALLPAPER ROLL
MORE,47 ROLL,1600,DELHI,613411-5,ROLL,,,WALLPAPER ROLL
MORE,35 ROLL,1600,DELHI,613411-6,ROLL,,,WALLPAPER ROLL
MORE,45 ROLL,1600,DELHI,613531-1,ROLL,,,WALLPAPER ROLL
MORE,44 ROLL,1600,DELHI,613531-10,ROLL,,,WALLPAPER ROLL
MORE,32 ROLL,1600,DELHI,613531-11,ROLL,,,WALLPAPER ROLL
MORE,74 ROLL,1600,DELHI,613531-2,ROLL,,,WALLPAPER ROLL
MORE,66 ROLL,1600,DELHI,613531-3,ROLL,,,WALLPAPER ROLL
MORE,51 ROLL,1600,DELHI,613531-4,ROLL,,,WALLPAPER ROLL
MORE,3 ROLL,1600,DELHI,613531-5,ROLL,,,WALLPAPER ROLL
MORE,39 ROLL,1600,DELHI,613531-6,ROLL,,,WALLPAPER ROLL
MORE,18 ROLL,1600,DELHI,613531-7,ROLL,,,WALLPAPER ROLL
MORE,35 ROLL,1600,DELHI,613531-8,ROLL,,,WALLPAPER ROLL
MORE,44 ROLL,1600,DELHI,613531-9,ROLL,,,WALLPAPER ROLL
MORE,47 ROLL,1600,DELHI,613618-1,ROLL,,,WALLPAPER ROLL
MORE,21 ROLL,1600,DELHI,613618-2,ROLL,,,WALLPAPER ROLL
MORE,45 ROLL,1600,DELHI,613618-3,ROLL,,,WALLPAPER ROLL
MORE,53 ROLL,1600,DELHI,613618-4,ROLL,,,WALLPAPER ROLL
MORE,45 ROLL,1600,DELHI,613618-5,ROLL,,,WALLPAPER ROLL
MORE,27 ROLL,1600,DELHI,613639-1,ROLL,,,WALLPAPER ROLL
MORE,12 ROLL,1600,DELHI,613639-2,ROLL,,,WALLPAPER ROLL
MORE,38 ROLL,1600,DELHI,613639-3,ROLL,,,WALLPAPER ROLL
MORE,47 ROLL,1600,DELHI,613639-4,ROLL,,,WALLPAPER ROLL
MORE,53 ROLL,1600,DELHI,613639-5,ROLL,,,WALLPAPER ROLL
MORE,36 ROLL,1600,DELHI,613710-1,ROLL,,,WALLPAPER ROLL
MORE,10 ROLL,1600,DELHI,613710-2,ROLL,,,WALLPAPER ROLL
MORE,42 ROLL,1600,DELHI,613713-1,ROLL,,,WALLPAPER ROLL
MORE,111 ROLL,1600,DELHI,613713-2,ROLL,,,WALLPAPER ROLL
MORE,84 ROLL,1600,DELHI,613713-3,ROLL,,,WALLPAPER ROLL
MORE,62 ROLL,1600,DELHI,613713-4,ROLL,,,WALLPAPER ROLL
MORE,38 ROLL,1600,DELHI,613715-0,ROLL,,,WALLPAPER ROLL
MORE,18 ROLL,1600,DELHI,613715-1,ROLL,,,WALLPAPER ROLL
MORE,62 ROLL,1600,DELHI,613715-2,ROLL,,,WALLPAPER ROLL
MORE,56 ROLL,1600,DELHI,613715-3,ROLL,,,WALLPAPER ROLL
MORE,61 ROLL,1600,DELHI,613715-4,ROLL,,,WALLPAPER ROLL
MORE,61 ROLL,1600,DELHI,613715-5,ROLL,,,WALLPAPER ROLL
MORE,64 ROLL,1600,DELHI,613812-1,ROLL,,,WALLPAPER ROLL
MORE,69 ROLL,1600,DELHI,613812-2,ROLL,,,WALLPAPER ROLL
MORE,65 ROLL,1600,DELHI,613812-3,ROLL,,,WALLPAPER ROLL
MORE,70 ROLL,1600,DELHI,613812-4,ROLL,,,WALLPAPER ROLL
MORE,40 ROLL,1600,DELHI,613835-1,ROLL,,,WALLPAPER ROLL
MORE,22 ROLL,1600,DELHI,613835-2,ROLL,,,WALLPAPER ROLL
MORE,16 ROLL,1600,DELHI,613835-3,ROLL,,,WALLPAPER ROLL
MORE,43 ROLL,1600,DELHI,613835-4,ROLL,,,WALLPAPER ROLL
MORE,50 ROLL,1600,DELHI,613835-5,ROLL,,,WALLPAPER ROLL
MORE,42 ROLL,1600,DELHI,613835-6,ROLL,,,WALLPAPER ROLL
MORE,47 ROLL,1600,DELHI,613835-7,ROLL,,,WALLPAPER ROLL
MORE,53 ROLL,1600,DELHI,613835-8,ROLL,,,WALLPAPER ROLL
MORE,293 ROLL,1600,DELHI,613836-1,ROLL,,,WALLPAPER ROLL
MORE,,1600,DELHI,613836-2,ROLL,,,WALLPAPER ROLL
MORE,38 ROLL,1600,DELHI,613836-3,ROLL,,,WALLPAPER ROLL
MORE,34 ROLL,1600,DELHI,613836-4,ROLL,,,WALLPAPER ROLL
MORE,40 ROLL,1600,DELHI,613836-5,ROLL,,,WALLPAPER ROLL
MORE,42 ROLL,1600,DELHI,613915-1,ROLL,,,WALLPAPER ROLL
MORE,50 ROLL,1600,DELHI,613915-2,ROLL,,,WALLPAPER ROLL
MORE,38 ROLL,1600,DELHI,613915-3,ROLL,,,WALLPAPER ROLL
MORE,15 ROLL,1600,DELHI,613915-4,ROLL,,,WALLPAPER ROLL
MORE,25 ROLL,1600,DELHI,613915-5,ROLL,,,WALLPAPER ROLL
MORE,34 ROLL,1600,DELHI,613915-6,ROLL,,,WALLPAPER ROLL
MORE,37 ROLL,1600,DELHI,613915-7,ROLL,,,WALLPAPER ROLL
MORE,16 ROLL,1600,DELHI,613935-1,ROLL,,,WALLPAPER ROLL
MORE,41 ROLL,1600,DELHI,613935-10,ROLL,,,WALLPAPER ROLL
MORE,19 ROLL,1600,DELHI,613935-11,ROLL,,,WALLPAPER ROLL
MORE,42 ROLL,1600,DELHI,613935-2,ROLL,,,WALLPAPER ROLL
MORE,4 ROLL,1600,DELHI,613935-3,ROLL,,,WALLPAPER ROLL
MORE,20 ROLL,1600,DELHI,613935-4,ROLL,,,WALLPAPER ROLL
MORE,29 ROLL,1600,DELHI,613935-5,ROLL,,,WALLPAPER ROLL
MORE,20 ROLL,1600,DELHI,613935-6,ROLL,,,WALLPAPER ROLL
MORE,51 ROLL,1600,DELHI,613935-7,ROLL,,,WALLPAPER ROLL
MORE,74 ROLL,1600,DELHI,613935-8,ROLL,,,WALLPAPER ROLL
MORE,51 ROLL,1600,DELHI,613935-9,ROLL,,,WALLPAPER ROLL
NOBLE,31 ROLL,800,DELHI,12001,ROLL,,,WALLPAPER ROLL
NOBLE,48 ROLL,800,DELHI,12002,ROLL,,,WALLPAPER ROLL
NOBLE,77 ROLL,800,DELHI,12003,ROLL,,,WALLPAPER ROLL
NOBLE,31 ROLL,800,DELHI,12004,ROLL,,,WALLPAPER ROLL
NOBLE, 58 ROLL ,800,DELHI,12005,ROLL,,,WALLPAPER ROLL
NOBLE,41 ROLL,800,DELHI,12006,ROLL,,,WALLPAPER ROLL
NOBLE,43 ROLL,800,DELHI,12007,ROLL,,,WALLPAPER ROLL
NOBLE,50 ROLL,800,DELHI,12008,ROLL,,,WALLPAPER ROLL
NOBLE,9 ROLL,800,DELHI,12009,ROLL,,,WALLPAPER ROLL
NOBLE,69 ROLL,800,DELHI,12010,ROLL,,,WALLPAPER ROLL
NOBLE,49 ROLL,800,DELHI,12011,ROLL,,,WALLPAPER ROLL
NOBLE,46 ROLL,800,DELHI,12012,ROLL,,,WALLPAPER ROLL
NOBLE,98 ROLL,800,DELHI,12013,ROLL,,,WALLPAPER ROLL
NOBLE,79 ROLL,800,DELHI,12014,ROLL,,,WALLPAPER ROLL
NOBLE,47 ROLL,800,DELHI,12015,ROLL,,,WALLPAPER ROLL
NOBLE,92 ROLL,800,DELHI,12016,ROLL,,,WALLPAPER ROLL
NOBLE,52 ROLL,800,DELHI,12017,ROLL,,,WALLPAPER ROLL
NOBLE,27 ROLL,800,DELHI,12018,ROLL,,,WALLPAPER ROLL
NOBLE,25 ROLL,800,DELHI,12019,ROLL,,,WALLPAPER ROLL
NOBLE,33 ROLL,800,DELHI,12020,ROLL,,,WALLPAPER ROLL
NOBLE,118 ROLL,800,DELHI,12021,ROLL,,,WALLPAPER ROLL
NOBLE,101 ROLL,800,DELHI,12022,ROLL,,,WALLPAPER ROLL
NOBLE,73 ROLL,800,DELHI,12023,ROLL,,,WALLPAPER ROLL
NOBLE,28 ROLL,800,DELHI,12024,ROLL,,,WALLPAPER ROLL
NOBLE,12 ROLL,800,DELHI,12025,ROLL,,,WALLPAPER ROLL
NOBLE,22 ROLL,800,DELHI,12026,ROLL,,,WALLPAPER ROLL
NOBLE,11 ROLL,800,DELHI,12027,ROLL,,,WALLPAPER ROLL
NOBLE,62 ROLL,800,DELHI,12028,ROLL,,,WALLPAPER ROLL
NOBLE,56 ROLL,800,DELHI,12029,ROLL,,,WALLPAPER ROLL
NOBLE,45 ROLL,800,DELHI,12030,ROLL,,,WALLPAPER ROLL
NOBLE,79 ROLL,800,DELHI,12031,ROLL,,,WALLPAPER ROLL
NOBLE,64 ROLL,800,DELHI,12032,ROLL,,,WALLPAPER ROLL
NOBLE,9 ROLL,800,DELHI,12033,ROLL,,,WALLPAPER ROLL
NOBLE,76 ROLL,800,DELHI,12034,ROLL,,,WALLPAPER ROLL
NOBLE,30 ROLL,800,DELHI,12035,ROLL,,,WALLPAPER ROLL
NOBLE,19 ROLL,800,DELHI,12036,ROLL,,,WALLPAPER ROLL
NOBLE,74 ROLL,800,DELHI,12037,ROLL,,,WALLPAPER ROLL
NOBLE,77 ROLL,800,DELHI,12038,ROLL,,,WALLPAPER ROLL
NOBLE,44 ROLL,800,DELHI,12039,ROLL,,,WALLPAPER ROLL
NOBLE,75 ROLL,800,DELHI,12040,ROLL,,,WALLPAPER ROLL
NOBLE,37 ROLL,800,DELHI,12041,ROLL,,,WALLPAPER ROLL
NOBLE,0 ROLL,800,DELHI,12042,ROLL,,,WALLPAPER ROLL
NOBLE,40 ROLL,800,DELHI,12043,ROLL,,,WALLPAPER ROLL
NOBLE,38 ROLL,800,DELHI,12044,ROLL,,,WALLPAPER ROLL
NOBLE,112 ROLL,800,DELHI,12045,ROLL,,,WALLPAPER ROLL
NOBLE,35 ROLL,800,DELHI,12046,ROLL,,,WALLPAPER ROLL
NOBLE,59 ROLL,800,DELHI,12047,ROLL,,,WALLPAPER ROLL
NOBLE,43 ROLL,800,DELHI,12048,ROLL,,,WALLPAPER ROLL
NOBLE,92 ROLL,800,DELHI,12049,ROLL,,,WALLPAPER ROLL
NOBLE,61 ROLL,800,DELHI,12050,ROLL,,,WALLPAPER ROLL
NOBLE,23 ROLL,800,DELHI,12051,ROLL,,,WALLPAPER ROLL
NOBLE,60 ROLL,800,DELHI,12052,ROLL,,,WALLPAPER ROLL
NOBLE,38 ROLL,800,DELHI,12053,ROLL,,,WALLPAPER ROLL
NOBLE,95 ROLL,800,DELHI,12054,ROLL,,,WALLPAPER ROLL
NOBLE,127 ROLL,800,DELHI,12055,ROLL,,,WALLPAPER ROLL
NOBLE,36 ROLL,800,DELHI,12056,ROLL,,,WALLPAPER ROLL
NOBLE,70 ROLL,800,DELHI,12057,ROLL,,,WALLPAPER ROLL
NOBLE,51 ROLL,800,DELHI,12058,ROLL,,,WALLPAPER ROLL
NOBLE,68 ROLL,800,DELHI,12059,ROLL,,,WALLPAPER ROLL
NOBLE,58 ROLL,800,DELHI,12060,ROLL,,,WALLPAPER ROLL
NOBLE,32 ROLL,800,DELHI,12061,ROLL,,,WALLPAPER ROLL
NOBLE,53 ROLL,800,DELHI,12062,ROLL,,,WALLPAPER ROLL
NOBLE,78 ROLL,800,DELHI,12063,ROLL,,,WALLPAPER ROLL
NOBLE,37 ROLL,800,DELHI,12064,ROLL,,,WALLPAPER ROLL
NOBLE,117 ROLL,800,DELHI,12065,ROLL,,,WALLPAPER ROLL
NOBLE,22 ROLL,800,DELHI,12066,ROLL,,,WALLPAPER ROLL
NOBLE,44 ROLL,800,DELHI,12067,ROLL,,,WALLPAPER ROLL
NOBLE,31 ROLL,800,DELHI,12068,ROLL,,,WALLPAPER ROLL
NOBLE,29 ROLL,800,DELHI,12069,ROLL,,,WALLPAPER ROLL
NOBLE,50 ROLL,800,DELHI,12070,ROLL,,,WALLPAPER ROLL
NOBLE,75 ROLL,800,DELHI,12071,ROLL,,,WALLPAPER ROLL
NOBLE,46 ROLL,800,DELHI,12072,ROLL,,,WALLPAPER ROLL
NOBLE,14 ROLL,800,DELHI,12073,ROLL,,,WALLPAPER ROLL
NOBLE,77 ROLL,800,DELHI,12074,ROLL,,,WALLPAPER ROLL
NOBLE,48 ROLL,800,DELHI,12075,ROLL,,,WALLPAPER ROLL
NOBLE,40 ROLL,800,DELHI,12076,ROLL,,,WALLPAPER ROLL
RUSTICO,10 ROLL,,DELHI,RS0701,ROLL,,,WALLPAPER ROLL
RUSTICO,63 ROLL,,DELHI,RS0702,ROLL,,,WALLPAPER ROLL
RUSTICO,28 ROLL,,DELHI,RS0703,ROLL,,,WALLPAPER ROLL
RUSTICO,27 ROLL,,DELHI,RS0704,ROLL,,,WALLPAPER ROLL
RUSTICO,39 ROLL,,DELHI,RS0705,ROLL,,,WALLPAPER ROLL
RUSTICO,62 ROLL,,DELHI,RS0706,ROLL,,,WALLPAPER ROLL
RUSTICO,83 ROLL,,DELHI,RS0707,ROLL,,,WALLPAPER ROLL
RUSTICO,22 ROLL,,DELHI,RS0708,ROLL,,,WALLPAPER ROLL
RUSTICO,142 ROLL,,DELHI,RS0709,ROLL,,,WALLPAPER ROLL
RUSTICO,54 ROLL,,DELHI,RS0710,ROLL,,,WALLPAPER ROLL
RUSTICO,88 ROLL,,DELHI,RS0711,ROLL,,,WALLPAPER ROLL
RUSTICO,54 ROLL,,DELHI,RS0712,ROLL,,,WALLPAPER ROLL
RUSTICO,30 ROLL,,DELHI,RS0713,ROLL,,,WALLPAPER ROLL
RUSTICO,27 ROLL,,DELHI,RS0714,ROLL,,,WALLPAPER ROLL
RUSTICO,95 ROLL,,DELHI,RS0715,ROLL,,,WALLPAPER ROLL
RUSTICO,33 ROLL,,DELHI,RS0716,ROLL,,,WALLPAPER ROLL
RUSTICO,107 ROLL,,DELHI,RS0717,ROLL,,,WALLPAPER ROLL
RUSTICO,60 ROLL,,DELHI,RS0718,ROLL,,,WALLPAPER ROLL
RUSTICO,51 ROLL,,DELHI,RS0719,ROLL,,,WALLPAPER ROLL
RUSTICO,63 ROLL,,DELHI,RS0720,ROLL,,,WALLPAPER ROLL
RUSTICO,31 ROLL,,DELHI,RS0721,ROLL,,,WALLPAPER ROLL
RUSTICO,48 ROLL,,DELHI,RS0722,ROLL,,,WALLPAPER ROLL
RUSTICO,44 ROLL,,DELHI,RS0723,ROLL,,,WALLPAPER ROLL
RUSTICO,48 ROLL,,DELHI,RS0724,ROLL,,,WALLPAPER ROLL
RUSTICO,52 ROLL,,DELHI,RS0725,ROLL,,,WALLPAPER ROLL
RUSTICO,45 ROLL,,DELHI,RS0726,ROLL,,,WALLPAPER ROLL
RUSTICO,17 ROLL,,DELHI,RS0727,ROLL,,,WALLPAPER ROLL
RUSTICO,31 ROLL,,DELHI,RS0728,ROLL,,,WALLPAPER ROLL
RUSTICO,29 ROLL,,DELHI,RS0729,ROLL,,,WALLPAPER ROLL
RUSTICO,64 ROLL,,DELHI,RS0730,ROLL,,,WALLPAPER ROLL
RUSTICO,55 ROLL,,DELHI,RS0731,ROLL,,,WALLPAPER ROLL
RUSTICO,43 ROLL,,DELHI,RS0732,ROLL,,,WALLPAPER ROLL
RUSTICO,168 ROLL,,DELHI,RS0733,ROLL,,,WALLPAPER ROLL
RUSTICO,26 ROLL,,DELHI,RS0734,ROLL,,,WALLPAPER ROLL
RUSTICO,4 ROLL,,DELHI,RS0735,ROLL,,,WALLPAPER ROLL
RUSTICO,116 ROLL,,DELHI,RS0736,ROLL,,,WALLPAPER ROLL
RUSTICO,32 ROLL,,DELHI,RS0737,ROLL,,,WALLPAPER ROLL
RUSTICO,40 ROLL,,DELHI,RS0738,ROLL,,,WALLPAPER ROLL
RUSTICO,51 ROLL,,DELHI,RS0739,ROLL,,,WALLPAPER ROLL
RUSTICO,38 ROLL,,DELHI,RS0740,ROLL,,,WALLPAPER ROLL
RUSTICO,79 ROLL,,DELHI,RS0741,ROLL,,,WALLPAPER ROLL
RUSTICO,108 ROLL,,DELHI,RS0742,ROLL,,,WALLPAPER ROLL
RUSTICO,38 ROLL,,DELHI,RS0743,ROLL,,,WALLPAPER ROLL
RUSTICO,62 ROLL,,DELHI,RS0744,ROLL,,,WALLPAPER ROLL
RUSTICO,119 ROLL,,DELHI,RS0745,ROLL,,,WALLPAPER ROLL
RUSTICO,41 ROLL,,DELHI,RS0746,ROLL,,,WALLPAPER ROLL
RUSTICO,24 ROLL,,DELHI,RS0747,ROLL,,,WALLPAPER ROLL
RUSTICO,40 ROLL,,DELHI,RS0748,ROLL,,,WALLPAPER ROLL
RUSTICO,35 ROLL,,DELHI,RS0749,ROLL,,,WALLPAPER ROLL
RUSTICO,43 ROLL,,DELHI,RS0750,ROLL,,,WALLPAPER ROLL
RUSTICO,41 ROLL,,DELHI,RS0751,ROLL,,,WALLPAPER ROLL
RUSTICO,63 ROLL,,DELHI,RS0752,ROLL,,,WALLPAPER ROLL
RUSTICO,42 ROLL,,DELHI,RS0753,ROLL,,,WALLPAPER ROLL
RUSTICO,48 ROLL,,DELHI,RS0754,ROLL,,,WALLPAPER ROLL
RUSTICO,36 ROLL,,DELHI,RS0755,ROLL,,,WALLPAPER ROLL
RUSTICO,30 ROLL,,DELHI,RS0756,ROLL,,,WALLPAPER ROLL
RUSTICO,35 ROLL,,DELHI,RS0757,ROLL,,,WALLPAPER ROLL
RUSTICO,16 ROLL,,DELHI,RS0758,ROLL,,,WALLPAPER ROLL
RUSTICO,21 ROLL,,DELHI,RS0759,ROLL,,,WALLPAPER ROLL
RUSTICO,77 ROLL,,DELHI,RS0760,ROLL,,,WALLPAPER ROLL
RUSTICO,42 ROLL,,DELHI,RS0761,ROLL,,,WALLPAPER ROLL
RUSTICO,54 ROLL,,DELHI,RS0762,ROLL,,,WALLPAPER ROLL
RUSTICO,73 ROLL,,DELHI,RS0763,ROLL,,,WALLPAPER ROLL
RUSTICO,50 ROLL,,DELHI,RS0764,ROLL,,,WALLPAPER ROLL
RUSTICO,78 ROLL,,DELHI,RS0765,ROLL,,,WALLPAPER ROLL
RUSTICO,27 ROLL,,DELHI,RS0766,ROLL,,,WALLPAPER ROLL
RUSTICO,28 ROLL,,DELHI,RS0767,ROLL,,,WALLPAPER ROLL
RUSTICO,59 ROLL,,DELHI,RS0768,ROLL,,,WALLPAPER ROLL
SPLENDID,12 ROLL,1500,DELHI,19001,ROLL,,,WALLPAPER ROLL
SPLENDID,13 ROLL,1500,DELHI,19002,ROLL,,,WALLPAPER ROLL
SPLENDID,19 ROLL,1500,DELHI,19003,ROLL,,,WALLPAPER ROLL
SPLENDID,,1500,DELHI,19004,ROLL,,,WALLPAPER ROLL
SPLENDID,15 ROLL,1500,DELHI,19005,ROLL,,,WALLPAPER ROLL
SPLENDID,18 ROLL,1500,DELHI,19006,ROLL,,,WALLPAPER ROLL
SPLENDID,42 ROLL,1500,DELHI,19007,ROLL,,,WALLPAPER ROLL
SPLENDID,23 ROLL,1500,DELHI,19008,ROLL,,,WALLPAPER ROLL
SPLENDID,19 ROLL,1500,DELHI,19009,ROLL,,,WALLPAPER ROLL
SPLENDID,12 ROLL,1500,DELHI,19010,ROLL,,,WALLPAPER ROLL
SPLENDID,24 ROLL,1500,DELHI,19011,ROLL,,,WALLPAPER ROLL
SPLENDID,21 ROLL,1500,DELHI,19012,ROLL,,,WALLPAPER ROLL
SPLENDID,8 ROLL,1500,DELHI,19013,ROLL,,,WALLPAPER ROLL
SPLENDID,15 ROLL,1500,DELHI,19014,ROLL,,,WALLPAPER ROLL
SPLENDID,12 ROLL,1500,DELHI,19015,ROLL,,,WALLPAPER ROLL
SPLENDID,12 ROLL,1500,DELHI,19016,ROLL,,,WALLPAPER ROLL
SPLENDID,18 ROLL,1500,DELHI,19017,ROLL,,,WALLPAPER ROLL
SPLENDID,5 ROLL,1500,DELHI,19018,ROLL,,,WALLPAPER ROLL
SPLENDID,4 ROLL,1500,DELHI,19019,ROLL,,,WALLPAPER ROLL
SPLENDID,7 ROLL,1500,DELHI,19020,ROLL,,,WALLPAPER ROLL
SPLENDID,30 ROLL,1500,DELHI,19021,ROLL,,,WALLPAPER ROLL
SPLENDID,18 ROLL,1500,DELHI,19022,ROLL,,,WALLPAPER ROLL
SPLENDID,28 ROLL,1500,DELHI,19023,ROLL,,,WALLPAPER ROLL
SPLENDID,,1500,DELHI,19024,ROLL,,,WALLPAPER ROLL
SPLENDID,2 ROLL,1500,DELHI,19025,ROLL,,,WALLPAPER ROLL
SPLENDID,12 ROLL,1500,DELHI,19026,ROLL,,,WALLPAPER ROLL
SPLENDID,23 ROLL,1500,DELHI,19027,ROLL,,,WALLPAPER ROLL
SPLENDID,15 ROLL,1500,DELHI,19028,ROLL,,,WALLPAPER ROLL
SPLENDID,21 ROLL,1500,DELHI,19029,ROLL,,,WALLPAPER ROLL
SPLENDID,43 ROLL,1500,DELHI,19030,ROLL,,,WALLPAPER ROLL
SPLENDID,,1500,DELHI,19031,ROLL,,,WALLPAPER ROLL
SPLENDID,,1500,DELHI,19032,ROLL,,,WALLPAPER ROLL
SPLENDID,9 ROLL,1500,DELHI,19033,ROLL,,,WALLPAPER ROLL
SPLENDID,2 ROLL,1500,DELHI,19034,ROLL,,,WALLPAPER ROLL
SPLENDID,8 ROLL,1500,DELHI,19035,ROLL,,,WALLPAPER ROLL
SPLENDID,,1500,DELHI,19036,ROLL,,,WALLPAPER ROLL
SPLENDID,9 ROLL,1500,DELHI,19037,ROLL,,,WALLPAPER ROLL
SPLENDID,54 ROLL,1500,DELHI,19038,ROLL,,,WALLPAPER ROLL
SPLENDID,5 ROLL,1500,DELHI,19039,ROLL,,,WALLPAPER ROLL
SPLENDID,5 ROLL,1500,DELHI,19040,ROLL,,,WALLPAPER ROLL
SPLENDID,1 ROLL,1500,DELHI,19041,ROLL,,,WALLPAPER ROLL
SPLENDID,4 ROLL,1500,DELHI,19042,ROLL,,,WALLPAPER ROLL
SPLENDID,21 ROLL,1500,DELHI,19043,ROLL,,,WALLPAPER ROLL
SPLENDID,16 ROLL,1500,DELHI,19044,ROLL,,,WALLPAPER ROLL
SPLENDID,12 ROLL,1500,DELHI,19045,ROLL,,,WALLPAPER ROLL
SPLENDID,,1500,DELHI,19046,ROLL,,,WALLPAPER ROLL
SPLENDID,11 ROLL,1500,DELHI,19047,ROLL,,,WALLPAPER ROLL
SPLENDID,1 ROLL,1500,DELHI,19048,ROLL,,,WALLPAPER ROLL
SPLENDID,9 ROLL,1500,DELHI,19049,ROLL,,,WALLPAPER ROLL
SPLENDID,67 ROLL,1500,DELHI,19050,ROLL,,,WALLPAPER ROLL
SPLENDID,2 ROLL,1500,DELHI,19051,ROLL,,,WALLPAPER ROLL
SPLENDID,11 ROLL,1500,DELHI,19052,ROLL,,,WALLPAPER ROLL
SPLENDID,5 ROLL,1500,DELHI,19053,ROLL,,,WALLPAPER ROLL
SPLENDID,8 ROLL,1500,DELHI,19054,ROLL,,,WALLPAPER ROLL
SPLENDID,3 ROLL,1500,DELHI,19055,ROLL,,,WALLPAPER ROLL
SPLENDID,16 ROLL,1500,DELHI,19056,ROLL,,,WALLPAPER ROLL
SPLENDID,,1500,DELHI,19057,ROLL,,,WALLPAPER ROLL
SPLENDID,,1500,DELHI,19058,ROLL,,,WALLPAPER ROLL
SPLENDID,,1500,DELHI,19059,ROLL,,,WALLPAPER ROLL
SPLENDID,12 ROLL,1500,DELHI,19060,ROLL,,,WALLPAPER ROLL
SPLENDID,9 ROLL,1500,DELHI,19061,ROLL,,,WALLPAPER ROLL
SPLENDID,,1500,DELHI,19062,ROLL,,,WALLPAPER ROLL
SPLENDID,6 ROLL,1500,DELHI,19063,ROLL,,,WALLPAPER ROLL
SPLENDID,4 ROLL,1500,DELHI,19064,ROLL,,,WALLPAPER ROLL
SPLENDID,8 ROLL,1500,DELHI,19065,ROLL,,,WALLPAPER ROLL
SPLENDID,,1500,DELHI,19066,ROLL,,,WALLPAPER ROLL
SPLENDID,16 ROLL,1500,DELHI,19067,ROLL,,,WALLPAPER ROLL
SUBLIME,21 ROLL,950,DELHI,90001,ROLL,,,WALLPAPER ROLL
SUBLIME,13 ROLL,950,DELHI,90003,ROLL,,,WALLPAPER ROLL
SUBLIME,7 ROLL,950,DELHI,90004,ROLL,,,WALLPAPER ROLL
SUBLIME,30 ROLL,950,DELHI,90031,ROLL,,,WALLPAPER ROLL
SUBLIME,15 ROLL,950,DELHI,90032,ROLL,,,WALLPAPER ROLL
SUBLIME,9 ROLL,950,DELHI,90033,ROLL,,,WALLPAPER ROLL
SUBLIME,30 ROLL,950,DELHI,90034,ROLL,,,WALLPAPER ROLL
SUBLIME,27 ROLL,950,DELHI,90035,ROLL,,,WALLPAPER ROLL
SUBLIME,,950,DELHI,90051,ROLL,,,WALLPAPER ROLL
SUBLIME,23 ROLL,950,DELHI,90052,ROLL,,,WALLPAPER ROLL
SUBLIME,16 ROLL,950,DELHI,90053,ROLL,,,WALLPAPER ROLL
SUBLIME,13 ROLL,950,DELHI,90055,ROLL,,,WALLPAPER ROLL
SUBLIME,35 ROLL,950,DELHI,90063,ROLL,,,WALLPAPER ROLL
SUBLIME,12 ROLL,950,DELHI,90064,ROLL,,,WALLPAPER ROLL
SUBLIME,13 ROLL,950,DELHI,90065,ROLL,,,WALLPAPER ROLL
SUBLIME,20 ROLL,950,DELHI,90066,ROLL,,,WALLPAPER ROLL
SUBLIME,58 ROLL,950,DELHI,90101,ROLL,,,WALLPAPER ROLL
SUBLIME,9 ROLL,950,DELHI,90102,ROLL,,,WALLPAPER ROLL
SUBLIME,42 ROLL,950,DELHI,90104,ROLL,,,WALLPAPER ROLL
SUBLIME,20 ROLL,950,DELHI,90105,ROLL,,,WALLPAPER ROLL
SUBLIME,4 ROLL,950,DELHI,90106,ROLL,,,WALLPAPER ROLL
SUBLIME,12 ROLL,950,DELHI,91092,ROLL,,,WALLPAPER ROLL
SUBLIME,13 ROLL,950,DELHI,91094,ROLL,,,WALLPAPER ROLL
SUBLIME,25 ROLL,950,DELHI,91095,ROLL,,,WALLPAPER ROLL
SUBLIME,23 ROLL,950,DELHI,91097,ROLL,,,WALLPAPER ROLL
SUBLIME,18 ROLL,950,DELHI,91104,ROLL,,,WALLPAPER ROLL
SUBLIME,2 ROLL,950,DELHI,91105,ROLL,,,WALLPAPER ROLL
SUBLIME,15 ROLL,950,DELHI,91106,ROLL,,,WALLPAPER ROLL
SUBLIME,22 ROLL,950,DELHI,91124,ROLL,,,WALLPAPER ROLL
SUBLIME,25 ROLL,950,DELHI,91125,ROLL,,,WALLPAPER ROLL
SUBLIME,9 ROLL,950,DELHI,91126,ROLL,,,WALLPAPER ROLL
SUBLIME,35 ROLL,950,DELHI,93001,ROLL,,,WALLPAPER ROLL
SUBLIME,55 ROLL,950,DELHI,93002,ROLL,,,WALLPAPER ROLL
SUBLIME,15 ROLL,950,DELHI,93003,ROLL,,,WALLPAPER ROLL
SUBLIME,1 ROLL,950,DELHI,93112,ROLL,,,WALLPAPER ROLL
SUBLIME,33 ROLL,950,DELHI,93116,ROLL,,,WALLPAPER ROLL
SUBLIME,46 ROLL,950,DELHI,93117,ROLL,,,WALLPAPER ROLL
SUBLIME,10 ROLL,950,DELHI,94041,ROLL,,,WALLPAPER ROLL
SUBLIME,9 ROLL,950,DELHI,94042,ROLL,,,WALLPAPER ROLL
SUBLIME,41 ROLL,950,DELHI,94043,ROLL,,,WALLPAPER ROLL
SUBLIME,22 ROLL,950,DELHI,94081,ROLL,,,WALLPAPER ROLL
SUBLIME,,950,DELHI,94082,ROLL,,,WALLPAPER ROLL
SUBLIME,,950,DELHI,94083,ROLL,,,WALLPAPER ROLL
SUBLIME,19 ROLL,950,DELHI,94091,ROLL,,,WALLPAPER ROLL
SUBLIME,16 ROLL,950,DELHI,94092,ROLL,,,WALLPAPER ROLL
SUBLIME,11 ROLL,950,DELHI,94093,ROLL,,,WALLPAPER ROLL
SUBLIME,20 ROLL,950,DELHI,94094,ROLL,,,WALLPAPER ROLL
SUBLIME,20 ROLL,950,DELHI,94201,ROLL,,,WALLPAPER ROLL
SUBLIME,29 ROLL,950,DELHI,94202,ROLL,,,WALLPAPER ROLL
SUBLIME,16 ROLL,950,DELHI,94203,ROLL,,,WALLPAPER ROLL
UNIQUE WALL II,134 ROLL,1500,DELHI,197101,ROLL,,,WALLPAPER ROLL
UNIQUE WALL II,220 ROLL,1500,DELHI,197102,ROLL,,,WALLPAPER ROLL
UNIQUE WALL II,127 ROLL,1500,DELHI,197103,ROLL,,,WALLPAPER ROLL
UNIQUE WALL II,153 ROLL,1500,DELHI,197106,ROLL,,,WALLPAPER ROLL
UNIQUE WALL II,139 ROLL,1500,DELHI,197111,ROLL,,,WALLPAPER ROLL
UNIQUE WALL II,459 ROLL,1500,DELHI,197112,ROLL,,,WALLPAPER ROLL
UNIQUE WALL II,108 ROLL,1500,DELHI,197114,ROLL,,,WALLPAPER ROLL
UNIQUE WALL II,118 ROLL,1500,DELHI,197115,ROLL,,,WALLPAPER ROLL
UNIQUE WALL II,111 ROLL,1500,DELHI,197116,ROLL,,,WALLPAPER ROLL
UNIQUE WALL II,229 ROLL,1500,DELHI,197117,ROLL,,,WALLPAPER ROLL
UNIQUE WALL II,79 ROLL,1500,DELHI,197118,ROLL,,,WALLPAPER ROLL
UNIQUE WALL II,79 ROLL,1500,DELHI,197201,ROLL,,,WALLPAPER ROLL
UNIQUE WALL II,177 ROLL,1500,DELHI,197202,ROLL,,,WALLPAPER ROLL
UNIQUE WALL II,119 ROLL,1500,DELHI,197204,ROLL,,,WALLPAPER ROLL
UNIQUE WALL II,106 ROLL,1500,DELHI,197211,ROLL,,,WALLPAPER ROLL
UNIQUE WALL II,265 ROLL,1500,DELHI,197212,ROLL,,,WALLPAPER ROLL
UNIQUE WALL II,,1500,DELHI,197213,ROLL,,,WALLPAPER ROLL
UNIQUE WALL II,47 ROLL,1500,DELHI,197214,ROLL,,,WALLPAPER ROLL
UNIQUE WALL II,45 ROLL,1500,DELHI,197215,ROLL,,,WALLPAPER ROLL
UNIQUE WALL II,95 ROLL,1500,DELHI,197216,ROLL,,,WALLPAPER ROLL
UNIQUE WALL II,25 ROLL,1500,DELHI,197311,ROLL,,,WALLPAPER ROLL
UNIQUE WALL II,47 ROLL,1500,DELHI,197312,ROLL,,,WALLPAPER ROLL
UNIQUE WALL II,111 ROLL,1500,DELHI,197313,ROLL,,,WALLPAPER ROLL
UNIQUE WALL II,119 ROLL,1500,DELHI,197314,ROLL,,,WALLPAPER ROLL
UNIQUE WALL II,138 ROLL,1500,DELHI,197402,ROLL,,,WALLPAPER ROLL
UNIQUE WALL II,202 ROLL,1500,DELHI,197404,ROLL,,,WALLPAPER ROLL
UNIQUE WALL II,114 ROLL,1500,DELHI,197405,ROLL,,,WALLPAPER ROLL
UNIQUE WALL II,69 ROLL,1500,DELHI,197406,ROLL,,,WALLPAPER ROLL
UNIQUE WALL II,161 ROLL,1500,DELHI,197407,ROLL,,,WALLPAPER ROLL
UNIQUE WALL II,73 ROLL,1500,DELHI,197411,ROLL,,,WALLPAPER ROLL
UNIQUE WALL II,139 ROLL,1500,DELHI,197412,ROLL,,,WALLPAPER ROLL
UNIQUE WALL II,59 ROLL,1500,DELHI,197417,ROLL,,,WALLPAPER ROLL
UNIQUE WALL II,114 ROLL,1500,DELHI,197501,ROLL,,,WALLPAPER ROLL
UNIQUE WALL II,185 ROLL,1500,DELHI,197502,ROLL,,,WALLPAPER ROLL
UNIQUE WALL II,67 ROLL,1500,DELHI,197503,ROLL,,,WALLPAPER ROLL
UNIQUE WALL II,153 ROLL,1500,DELHI,197504,ROLL,,,WALLPAPER ROLL
UNIQUE WALL II,184 ROLL,1500,DELHI,197511,ROLL,,,WALLPAPER ROLL
UNIQUE WALL II,45 ROLL,1500,DELHI,197512,ROLL,,,WALLPAPER ROLL
UNIQUE WALL II,278 ROLL,1500,DELHI,197513,ROLL,,,WALLPAPER ROLL
UNIQUE WALL II,151 ROLL,1500,DELHI,197514,ROLL,,,WALLPAPER ROLL
UNIQUE WALL II,148 ROLL,1500,DELHI,197515,ROLL,,,WALLPAPER ROLL
UNIQUE WALL II,5 ROLL,1500,DELHI,197614,ROLL,,,WALLPAPER ROLL
UNIQUE WALL II,176 ROLL,1500,DELHI,197617,ROLL,,,WALLPAPER ROLL
UNIQUE WALL II,180 ROLL,1500,DELHI,197618,ROLL,,,WALLPAPER ROLL
UNIQUE WALL II,32 ROLL,1500,DELHI,197701,ROLL,,,WALLPAPER ROLL
UNIQUE WALL II,274 ROLL,1500,DELHI,197702,ROLL,,,WALLPAPER ROLL
UNIQUE WALL II,163 ROLL,1500,DELHI,197705,ROLL,,,WALLPAPER ROLL
UNIQUE WALL II,126 ROLL,1500,DELHI,197706,ROLL,,,WALLPAPER ROLL
UNIQUE WALL II,103 ROLL,1500,DELHI,197711,ROLL,,,WALLPAPER ROLL
UNIQUE WALL II,47 ROLL,1500,DELHI,197712,ROLL,,,WALLPAPER ROLL
UNIQUE WALL II,98 ROLL,1500,DELHI,197713,ROLL,,,WALLPAPER ROLL
UNIQUE WALL II,168 ROLL,1500,DELHI,197714,ROLL,,,WALLPAPER ROLL
UNIQUE WALL II,64 ROLL,1500,DELHI,197715,ROLL,,,WALLPAPER ROLL
UNIQUE WALL II,48 ROLL,1500,DELHI,197716,ROLL,,,WALLPAPER ROLL
UNIQUE WALL II,133 ROLL,1500,DELHI,197811,ROLL,,,WALLPAPER ROLL
UNIQUE WALL II,100 ROLL,1500,DELHI,197812,ROLL,,,WALLPAPER ROLL
UNIQUE WALL II,157 ROLL,1500,DELHI,197813,ROLL,,,WALLPAPER ROLL
UNIQUE WALL II,129 ROLL,1500,DELHI,197815,ROLL,,,WALLPAPER ROLL
UNIQUE WALL II,125 ROLL,1500,DELHI,197901,ROLL,,,WALLPAPER ROLL
UNIQUE WALL II,54 ROLL,1500,DELHI,197902,ROLL,,,WALLPAPER ROLL
UNIQUE WALL II,183 ROLL,1500,DELHI,197904,ROLL,,,WALLPAPER ROLL
UNIQUE WALL II,48 ROLL,1500,DELHI,197924,ROLL,,,WALLPAPER ROLL
UNIQUE WALL II,174 ROLL,1500,DELHI,197931,ROLL,,,WALLPAPER ROLL
UNIQUE WALL II,66 ROLL,1500,DELHI,197932,ROLL,,,WALLPAPER ROLL
UNIQUE WALL II,56 ROLL,1500,DELHI,197934,ROLL,,,WALLPAPER ROLL
UNIQUE WALL II,56 ROLL,1500,DELHI,197935,ROLL,,,WALLPAPER ROLL
UNIQUE WALL III,108 ROLL,1250,DELHI,407-01,ROLL,,,WALLPAPER ROLL
UNIQUE WALL III,107 ROLL,1250,DELHI,407-04,ROLL,,,WALLPAPER ROLL
UNIQUE WALL III,106 ROLL,1250,DELHI,407-05,ROLL,,,WALLPAPER ROLL
UNIQUE WALL III,107 ROLL,1250,DELHI,407-06,ROLL,,,WALLPAPER ROLL
UNIQUE WALL III,104 ROLL,1250,DELHI,407-07,ROLL,,,WALLPAPER ROLL
UNIQUE WALL III,98 ROLL,1250,DELHI,407-08,ROLL,,,WALLPAPER ROLL
UNIQUE WALL III,105 ROLL,1250,DELHI,412-01,ROLL,,,WALLPAPER ROLL
UNIQUE WALL III,94 ROLL,1250,DELHI,412-02,ROLL,,,WALLPAPER ROLL
UNIQUE WALL III,82 ROLL,1250,DELHI,412-04,ROLL,,,WALLPAPER ROLL
UNIQUE WALL III,101 ROLL,1250,DELHI,413-01,ROLL,,,WALLPAPER ROLL
UNIQUE WALL III,104 ROLL,1250,DELHI,413-03,ROLL,,,WALLPAPER ROLL
UNIQUE WALL III,60 ROLL,1250,DELHI,413-04,ROLL,,,WALLPAPER ROLL
UNIQUE WALL III,108 ROLL,1250,DELHI,413-05,ROLL,,,WALLPAPER ROLL
UNIQUE WALL III,99 ROLL,1250,DELHI,413-06,ROLL,,,WALLPAPER ROLL
UNIQUE WALL III,101 ROLL,1250,DELHI,413-08,ROLL,,,WALLPAPER ROLL
UNIQUE WALL III,86 ROLL,1250,DELHI,413-09,ROLL,,,WALLPAPER ROLL
UNIQUE WALL III,101 ROLL,1250,DELHI,413-10,ROLL,,,WALLPAPER ROLL
UNIQUE WALL III,108 ROLL,1250,DELHI,601-02,ROLL,,,WALLPAPER ROLL
UNIQUE WALL III,94 ROLL,1250,DELHI,601-03,ROLL,,,WALLPAPER ROLL
UNIQUE WALL III,108 ROLL,1250,DELHI,601-04,ROLL,,,WALLPAPER ROLL
UNIQUE WALL III,105 ROLL,1250,DELHI,601-05,ROLL,,,WALLPAPER ROLL
UNIQUE WALL III,106 ROLL,1250,DELHI,602-01,ROLL,,,WALLPAPER ROLL
UNIQUE WALL III,104 ROLL,1250,DELHI,602-02,ROLL,,,WALLPAPER ROLL
UNIQUE WALL III,106 ROLL,1250,DELHI,602-03,ROLL,,,WALLPAPER ROLL
UNIQUE WALL III,108 ROLL,1250,DELHI,602-04,ROLL,,,WALLPAPER ROLL
UNIQUE WALL III,92 ROLL,1250,DELHI,603-02,ROLL,,,WALLPAPER ROLL
UNIQUE WALL III,105 ROLL,1250,DELHI,603-04,ROLL,,,WALLPAPER ROLL
UNIQUE WALL III,82 ROLL,1250,DELHI,603-05,ROLL,,,WALLPAPER ROLL
UNIQUE WALL III,100 ROLL,1250,DELHI,603-06,ROLL,,,WALLPAPER ROLL
UNIQUE WALL III,108 ROLL,1250,DELHI,604-01,ROLL,,,WALLPAPER ROLL
UNIQUE WALL III,104 ROLL,1250,DELHI,604-02,ROLL,,,WALLPAPER ROLL
UNIQUE WALL III,97 ROLL,1250,DELHI,604-03,ROLL,,,WALLPAPER ROLL
UNIQUE WALL III,92 ROLL,1250,DELHI,604-05,ROLL,,,WALLPAPER ROLL
UNIQUE WALL III,92 ROLL,1250,DELHI,604-06,ROLL,,,WALLPAPER ROLL
UNIQUE WALL III,68 ROLL,1250,DELHI,605-01,ROLL,,,WALLPAPER ROLL
UNIQUE WALL III,96 ROLL,1250,DELHI,605-02,ROLL,,,WALLPAPER ROLL
UNIQUE WALL III,91 ROLL,1250,DELHI,605-03,ROLL,,,WALLPAPER ROLL
UNIQUE WALL III,103 ROLL,1250,DELHI,605-04,ROLL,,,WALLPAPER ROLL
UNIQUE WALL III,108 ROLL,1250,DELHI,605-05,ROLL,,,WALLPAPER ROLL
UNIQUE WALL III,106 ROLL,1250,DELHI,606-01,ROLL,,,WALLPAPER ROLL
UNIQUE WALL III,87 ROLL,1250,DELHI,606-02,ROLL,,,WALLPAPER ROLL
UNIQUE WALL III,106 ROLL,1250,DELHI,606-03,ROLL,,,WALLPAPER ROLL
UNIQUE WALL III,20 ROLL,1250,DELHI,607-01,ROLL,,,WALLPAPER ROLL
UNIQUE WALL III,98 ROLL,1250,DELHI,607-02,ROLL,,,WALLPAPER ROLL
UNIQUE WALL III,105 ROLL,1250,DELHI,607-03,ROLL,,,WALLPAPER ROLL
UNIQUE WALL III,83 ROLL,1250,DELHI,607-04,ROLL,,,WALLPAPER ROLL
UNIQUE WALL III,108 ROLL,1250,DELHI,608-01,ROLL,,,WALLPAPER ROLL
UNIQUE WALL III,55 ROLL,1250,DELHI,608-02,ROLL,,,WALLPAPER ROLL
UNIQUE WALL III,104 ROLL,1250,DELHI,608-03,ROLL,,,WALLPAPER ROLL
UNIQUE WALL III,76 ROLL,1250,DELHI,608-04,ROLL,,,WALLPAPER ROLL
UNIQUE WALL III,67 ROLL,1250,DELHI,608-05,ROLL,,,WALLPAPER ROLL
UNIQUE WALL III,86 ROLL,1250,DELHI,608-06,ROLL,,,WALLPAPER ROLL
UNIQUE WALL III,99 ROLL,1250,DELHI,608-07,ROLL,,,WALLPAPER ROLL
UNIQUE WALL III,76 ROLL,1250,DELHI,608-08,ROLL,,,WALLPAPER ROLL
UNIQUE WALL III,107 ROLL,1250,DELHI,608-09,ROLL,,,WALLPAPER ROLL
UNIQUE WALL III,98 ROLL,1250,DELHI,609-01,ROLL,,,WALLPAPER ROLL
UNIQUE WALL III,99 ROLL,1250,DELHI,609-02,ROLL,,,WALLPAPER ROLL
UNIQUE WALL III,52 ROLL,1250,DELHI,609-03,ROLL,,,WALLPAPER ROLL
UNIQUE WALL III,108 ROLL,1250,DELHI,610-01,ROLL,,,WALLPAPER ROLL
UNIQUE WALL III,103 ROLL,1250,DELHI,610-02,ROLL,,,WALLPAPER ROLL
UNIQUE WALL III,103 ROLL,1250,DELHI,610-03,ROLL,,,WALLPAPER ROLL
UNIQUE WALL III,108 ROLL,1250,DELHI,610-04,ROLL,,,WALLPAPER ROLL
UNIQUE WALL III,108 ROLL,1250,DELHI,610-05,ROLL,,,WALLPAPER ROLL
UNIQUE WALL III,108 ROLL,1250,DELHI,612-01,ROLL,,,WALLPAPER ROLL
UNIQUE WALL III,89 ROLL,1250,DELHI,612-02,ROLL,,,WALLPAPER ROLL
UNIQUE WALL III,108 ROLL,1250,DELHI,612-03,ROLL,,,WALLPAPER ROLL
UNIQUE WALL III,36 ROLL,1250,DELHI,613-01,ROLL,,,WALLPAPER ROLL
UNIQUE WALL III,36 ROLL,1250,DELHI,613-02,ROLL,,,WALLPAPER ROLL
